Date,Open,High,Low,Close,P_Open,Error,Pred_Dir,Act_Dir,Correct
2009/04/16,41.21,41.71,40.75,41.64,,,,,
2009/04/17,41.61,41.76,40.74,40.98,,,,,
2009/04/20,40.11,40.46,39.27,39.63,,,,,
2009/04/21,39.62,40.34,39.28,40.27,,,,,
2009/04/22,39.91,41.1,39.849,40.12,,,,,
2009/04/23,41.11,41.26,39.71,40.73,,,,,
2009/04/24,40.84,41.62,40.01,41.36,,,,,
2009/04/27,42.35,44.59,42.3,43.17,,,,,
2009/04/28,42.63,43.53,42.07,42.24,,,,,
2009/04/29,42.58,43.56,42,43.08,,,,,
2009/04/30,43.34,43.56,41.72,42.32,,,,,
2009/05/01,42.31,42.76,41.49,42.66,,,,,
2009/05/04,42.96,43.95,42.83,43.35,,,,,
2009/05/05,43.48,43.59,42.67,43.49,,,,,
2009/05/06,43.89,44.21,42.82,43.73,,,,,
2009/05/07,43.75,44.18,41.71,42.34,,,,,
2009/05/08,42.83,43.11,41.32,41.79,,,,,
2009/05/11,41.6,42.52,40.81,41.92,,,,,
2009/05/12,41.95,42.24,40.42,40.93,,,,,
2009/05/13,40.55,40.68,39.85,39.92,,,,,
2009/05/14,40.21,40.86,40.03,40.53,,,,,
2009/05/15,40.35,41.16,40.2,40.72,,,,,
2009/05/18,41.08,42.18,40.93,41.99,,,,,
2009/05/19,41.75,42.76,41.25,42.34,,,,,
2009/05/20,42.57,43.2,41.8,42.57,,,,,
2009/05/21,41.99,42.57,40.985,41.69,,,,,
2009/05/22,41.65,42.09,41.2,41.31,,,,,
2009/05/26,40.73,43.56,40.71,43.29,,,,,
2009/05/27,43.2,43.68,42.2,42.43,,,,,
2009/05/28,42.9,43.2,41.77,42.95,,,,,
2009/05/29,43.31,43.65,42.43,43.59,,,,,
2009/06/01,44.1,44.75,43.41,44.4,,,,,
2009/06/02,43.91,44.5,43.58,43.91,,,,,
2009/06/03,43.91,43.91,42.85,43.58,,,,,
2009/06/04,43.75,45.435,43.65,45.29,,,,,
2009/06/05,45.52,45.692,44.88,45.4,,,,,
2009/06/08,44.9,45.71,44.4,45.37,,,,,
2009/06/09,45.87,46.32,45.13,46.03,,,,,
2009/06/10,46.2,46.47,45.4,46.07,,,,,
2009/06/11,45.14,46.46,44.93,45.98,,,,,
2009/06/12,46.14,46.39,45.08,46.05,,,,,
2009/06/15,45.31,45.35,43.73,44.31,,,,,
2009/06/16,44.04,44.51,43.45,43.45,,,,,
2009/06/17,44.44,45.35,43.99,45.09,,,,,
2009/06/18,45.02,45.66,44.34,45.28,,,,,
2009/06/19,45.41,46,45.15,46,,,,,
2009/06/22,45.46,45.75,44.255,44.4,,,,,
2009/06/23,44.42,44.78,43.32,44.49,,,,,
2009/06/24,44.65,45.42,44.26,45.27,,,,,
2009/06/25,45.13,46.7,44.96,46.34,,,,,
2009/06/26,46.1,46.73,45.79,46.19,,,,,
2009/06/29,45.91,46.44,45.4,46.09,,,,,
2009/06/30,45.9,46,45.01,45.2,,,,,
2009/07/01,45.37,45.59,44.92,45.16,,,,,
2009/07/02,44.86,45.14,44.22,44.68,,,,,
2009/07/06,44.23,45.339,43.88,45.2,,,,,
2009/07/07,45.2,45.33,43.5174,43.68,,,,,
2009/07/08,43.47,43.91,43.06,43.55,,,,,
2009/07/09,43.65,43.76,43,43.06,,,,,
2009/07/10,43.13,43.6,42.8,43.44,,,,,
2009/07/13,43.72,44.32,42.67,44.31,,,,,
2009/07/14,44.26,44.835,43.95,44.65,,,,,
2009/07/15,45.09,46.145,44.75,46.06,,,,,
2009/07/16,45.93,46.84,45.76,46.72,,,,,
2009/07/17,46.89,47.61,46.25,47.4,,,,,
2009/07/20,47.47,47.49,46.39,47.03,,,,,
2009/07/21,47.02,48,46.36,47.98,,,,,
2009/07/22,47.79,48.72,47.45,48.45,,,,,
2009/07/23,46.34,47.45,46,47.4,,,,,
2009/07/24,47.1,47.6,46.66,47.35,,,,,
2009/07/27,46.97,47.35,46.16,46.48,,,,,
2009/07/28,46.34,46.52,45.95,46.36,,,,,
2009/07/29,46.01,46.5,45.8,46.25,,,,,
2009/07/30,46.7,47.45,46.38,46.52,,,,,
2009/07/31,46.26,46.85,46.04,46.21,,,,,
2009/08/03,46.673,47.16,46.31,46.97,,,,,
2009/08/04,46.81,46.85,45.96,46.31,,,,,
2009/08/05,46.22,46.39,45.31,45.81,,,,,
2009/08/06,45.9,45.97,45.29,45.6,,,,,
2009/08/07,46.07,46.43,45.85,45.97,,,,,
2009/08/10,45.57,46.07,45.47,45.74,,,,,
2009/08/11,45.61,46.1399,45.38,45.4,,,,,
2009/08/12,45.42,46.97,45.41,46.37,,,,,
2009/08/13,46.51,46.89,46.1,46.58,,,,,
2009/08/14,46.52,46.52,45.49,46.13,,,,,
2009/08/17,45.47,45.69,44.86,44.95,,,,,
2009/08/18,45.04,45.3,44.64,45.15,,,,,
2009/08/19,44.85,45.89,44.66,45.72,,,,,
2009/08/20,45.8,47.3,45.75,47.09,,,,,
2009/08/21,47.47,47.49,46.63,47.29,,,,,
2009/08/24,46.86,47.5,46.86,47.41,,,,,
2009/08/25,47.27,47.85,46.88,46.99,,,,,
2009/08/26,46.99,47.78,46.76,47.53,,,,,
2009/08/27,47.38,47.57,46.8,47.25,,,,,
2009/08/28,47.73,48.2,46.94,47.22,,,,,
2009/08/31,47,47,45.99,46.42,,,,,
2009/09/01,46.04,46.72,45.05,45.35,,,,,
2009/09/02,45,45.81,44.68,45.42,,,,,
2009/09/03,45.2,45.3,44.13,45.02,,,,,
2009/09/04,45.03,45.97,44.75,45.72,,,,,
2009/09/08,45.9,46.045,45.51,46.02,,,,,
2009/09/09,45.77,46.54,45.21,46.22,,,,,
2009/09/10,46.14,46.75,45.89,46.65,,,,,
2009/09/11,46.65,46.71,45.92,46.61,,,,,
2009/09/14,46.16,46.48,45.8,46.23,,,,,
2009/09/15,46,46.13,45.64,45.75,,,,,
2009/09/16,45.84,45.93,44.94,45.71,,,,,
2009/09/17,45.5,45.65,44.87,45.02,,,,,
2009/09/18,45.35,45.39,44,44.46,,,,,
2009/09/21,44.04,44.99,44.01,44.87,,,,,
2009/09/22,44.985,44.99,44.33,44.59,,,,,
2009/09/23,44.6,44.91,44.18,44.23,,,,,
2009/09/24,44.42,44.86,44.18,44.66,,,,,
2009/09/25,44.47,45.13,44.3,44.7,,,,,
2009/09/28,45.14,46.35,45.02,45.97,,,,,
2009/09/29,45.93,46.03,45.25,45.5,,,,,
2009/09/30,45.72,45.83,44.51,44.98,,,,,
2009/10/01,44.61,44.64,42.5,42.7,,,,,
2009/10/02,42.38,42.62,41.22,41.44,,,,,
2009/10/05,41.6,42.29,41.34,41.94,,,,,
2009/10/06,42.28,43.4,42.21,42.62,,,,,
2009/10/07,42.42,42.66,42.02,42.18,,,,,
2009/10/08,42.68,42.68,41.37,41.45,,,,,
2009/10/09,41.46,41.77,40.5,41.7,,,,,
2009/10/12,41.73,42.01,41.19,41.54,,,,,
2009/10/13,41.63,41.84,41.08,41.29,,,,,
2009/10/14,41.84,42.36,41.61,42.23,,,,,
2009/10/15,42.11,42.48,41.88,42.45,,,,,
2009/10/16,42.48,42.56,41.32,41.96,,,,,
2009/10/19,41.99,42.34,41.56,42.06,,,,,
2009/10/20,41.83,41.95,41.1,41.309,,,,,
2009/10/21,41.26,41.95,41.26,41.41,,,,,
2009/10/22,40.73,41.24,40.15,41.08,,,,,
2009/10/23,40.8,41.11,40.53,40.7,,,,,
2009/10/26,40.56,41.46,40.37,40.68,,,,,
2009/10/27,40.81,41.32,40.69,41,,,,,
2009/10/28,41.08,41.98,41,41.63,,,,,
2009/10/29,42,42.55,41.87,42.27,,,,,
2009/10/30,42.63,43.08,41.32,41.33,,,,,
2009/11/02,41.35,42,41.08,41.81,,,,,
2009/11/03,41.73,42.29,41.4901,42.22,,,,,
2009/11/04,42.41,42.73,41.51,41.6,,,,,
2009/11/05,43.05,43.88,42.92,43.85,,,,,
2009/11/06,43.52,43.97,43.4,43.9,,,,,
2009/11/09,44.24,45,44.15,44.75,,,,,
2009/11/10,44.66,44.75,44.29,44.3517,,,,,
2009/11/11,44.37,44.75,44.35,44.66,,,,,
2009/11/12,44.7,45.19,44.52,44.85,,,,,
2009/11/13,45.29,46,45.24,45.77,,,,,
2009/11/16,45.9,46.25,45.29,45.51,,,,,
2009/11/17,45.58,45.99,45.46,45.99,,,,,
2009/11/18,45.83,45.93,45.2,45.49,,,,,
2009/11/19,45.05,45.36,44.55,45.09,,,,,
2009/11/20,44.76,45.25,44.76,45.1,,,,,
2009/11/23,45.25,45.9,45.25,45.55,,,,,
2009/11/24,45.9,46,45.38,45.56,,,,,
2009/11/25,45.7,45.84,45.34,45.44,,,,,
2009/11/27,44.75,45.39,44.69,44.99,,,,,
2009/11/30,44.82,45.07,44.32,45,,,,,
2009/12/01,45,45.47,44.88,45.06,,,,,
2009/12/02,45.22,45.55,44.9,45.06,,,,,
2009/12/03,45.05,45.28,44.6,44.63,,,,,
2009/12/04,45.03,45.68,44.68,45.16,,,,,
2009/12/07,45.11,45.42,44.8,44.89,,,,,
2009/12/08,44.71,45.2,44.13,44.59,,,,,
2009/12/09,44.35,44.87,44.18,44.77,,,,,
2009/12/10,45.02,45.79,44.95,45.56,,,,,
2009/12/11,45.62,45.88,44.73,44.9,,,,,
2009/12/14,45.1,45.22,44.58,44.67,,,,,
2009/12/15,44.58,45.26,44.45,44.88,,,,,
2009/12/16,44.9,45.04,44.65,44.69,,,,,
2009/12/17,44.67,44.83,44.24,44.31,,,,,
2009/12/18,44.33,44.6,44.05,44.57,,,,,
2009/12/21,44.88,45.74,44.81,45.41,,,,,
2009/12/22,45.65,45.9,45.39,45.84,,,,,
2009/12/23,45.98,46,45.72,45.95,,,,,
2009/12/24,45.94,46.11,45.79,46.1,,,,,
2009/12/28,46.05,46.29,45.75,46.26,,,,,
2009/12/29,46.26,46.88,46.12,46.65,,,,,
2009/12/30,46.31,46.99,46.24,46.86,,,,,
2009/12/31,46.88,46.92,46.26,46.26,,,,,
2010/01/04,46.79,47.315,46.57,46.94,,,,,
2010/01/05,47.52,48.32,47.5,48.07,,,,,
2010/01/06,48.26,48.43,47.38,47.6,,,,,
2010/01/07,47.75,49.02,47.55,48.98,,,,,
2010/01/08,49.11,49.8,48.89,49.47,,,,,
2010/01/11,49.58,49.69,48.64,49.29,,,,,
2010/01/12,48.86,49.21,48.07,48.49,,,,,
2010/01/13,48.85,48.95,48.23,48.7,,,,,
2010/01/14,48.26,48.72,48.22,48.37,,,,,
2010/01/15,48.61,49.04,48.11,48.53,,,,,
2010/01/19,48.62,49.7,48.55,49.32,,,,,
2010/01/20,48.91,48.94,47.79,48.35,,,,,
2010/01/21,48.32,49,47.92,48.09,,,,,
2010/01/22,48.11,48.57,46.67,46.78,,,,,
2010/01/25,46.97,47.69,46.7,46.91,,,,,
2010/01/26,46.9,47.47,46.56,46.89,,,,,
2010/01/27,46.52,47.31,46.27,47.2,,,,,
2010/01/28,42.11,42.11,40.01,40.48,,,,,
2010/01/29,40.83,40.88,38.49,39.19,,,,,
2010/02/01,39.25,39.97,38.68,39.77,,,,,
2010/02/02,39.82,39.89,38.98,39.26,,,,,
2010/02/03,38.96,39.72,38.6,39.63,,,,,
2010/02/04,39.27,39.28,38.15,38.17,,,,,
2010/02/05,38.41,38.597,37.43,38.04,,,,,
2010/02/08,38.11,38.188,37.47,37.51,,,,,
2010/02/09,37.92,38.29,37.64,37.91,,,,,
2010/02/10,37.71,38.16,37.32,37.43,,,,,
2010/02/11,37.27,38.12,37,38.01,,,,,
2010/02/12,38.18,39,37.98,38.84,,,,,
2010/02/16,39.09,39.3,38.7,39.02,,,,,
2010/02/17,39.1,39.7,39.02,39.43,,,,,
2010/02/18,39.47,39.9393,39.39,39.81,,,,,
2010/02/19,39.815,39.85,39.47,39.59,,,,,
2010/02/22,39.81,39.89,38.69,39.01,,,,,
2010/02/23,39,39.15,38.4,38.54,,,,,
2010/02/24,38.61,38.67,37.67,37.87,,,,,
2010/02/25,37.23,38,36.47,37.18,,,,,
2010/02/26,37.12,37.13,36.51,36.6829,,,,,
2010/03/01,36.82,36.82,35.46,35.56,,,,,
2010/03/02,36.75,38.46,36.57,37.93,,,,,
2010/03/03,38.48,39.16,38.37,38.69,,,,,
2010/03/04,38.94,39.28,38.58,39.25,,,,,
2010/03/05,39.49,39.52,38.62,38.76,,,,,
2010/03/08,38.83,39.01,38.61,38.79,,,,,
2010/03/09,38.73,38.91,38.5,38.68,,,,,
2010/03/10,38.57,39.1,38.5,38.88,,,,,
2010/03/11,38.86,39.25,38.71,39.1,,,,,
2010/03/12,39.12,39.39,38.8,38.95,,,,,
2010/03/15,39,39.06,38.66,38.87,,,,,
2010/03/16,38.9,39.11,38.59,39.01,,,,,
2010/03/17,39.05,39.195,38.71,38.9,,,,,
2010/03/18,39.23,40.53,39.16,40.43,,,,,
2010/03/19,40.52,40.61,39.78,40.05,,,,,
2010/03/22,40.08,40.54,39.87,40.2775,,,,,
2010/03/23,40.43,40.58,40.03,40.52,,,,,
2010/03/24,40.24,40.43,40.02,40.19,,,,,
2010/03/25,42.54,43.84,42,42.19,,,,,
2010/03/26,42,42.54,41.61,41.829,,,,,
2010/03/29,42,42.09,41.6,41.76,,,,,
2010/03/30,42.45,42.5,41.94,42.13,,,,,
2010/03/31,41.99,42.22,41.84,41.96,,,,,
2010/04/01,42.17,42.46,42.14,42.27,,,,,
2010/04/05,42.6,43.01,42.39,42.53,,,,,
2010/04/06,42.22,42.56,42.19,42.43,,,,,
2010/04/07,42.37,42.87,42.37,42.77,,,,,
2010/04/08,42.69,42.72,42.09,42.4,,,,,
2010/04/09,42.2,42.37,41.85,42.17,,,,,
2010/04/12,42.03,42.46,42,42.23,,,,,
2010/04/13,42.03,42.39,41.8,42.3,,,,,
2010/04/14,42.23,42.8,42.1,42.6,,,,,
2010/04/15,42.66,43.18,42.48,42.7,,,,,
2010/04/16,42.68,42.98,42.25,42.74,,,,,
2010/04/19,42.63,42.99,42.25,42.75,,,,,
2010/04/20,42.745,43.35,42.49,43.29,,,,,
2010/04/21,43.33,43.39,42.27,42.63,,,,,
2010/04/22,39.75,40.35,38.88,39.331,,,,,
2010/04/23,38.98,39.03,37.8,38.25,,,,,
2010/04/26,38.27,38.71,37.78,38.11,,,,,
2010/04/27,38.23,38.84,37.84,37.92,,,,,
2010/04/28,38.225,38.85,38,38.82,,,,,
2010/04/29,38.97,39.22,38.77,38.98,,,,,
2010/04/30,39.15,39.29,38.61,38.68,,,,,
2010/05/03,38.91,39.05,38.31,38.64,,,,,
2010/05/04,38.27,38.3,37.01,37.6,,,,,
2010/05/05,37.2,37.89,37,37.635,,,,,
2010/05/06,37.36,37.63,35.56,36.67,,,,,
2010/05/07,36.44,36.86,35.23,36.5,,,,,
2010/05/10,37.41,37.81,37.1,37.37,,,,,
2010/05/11,37.07,37.91,37.05,37.48,,,,,
2010/05/12,38,38.39,37.715,38.16,,,,,
2010/05/13,37.97,38.68,37.77,37.96,,,,,
2010/05/14,37.76,38.04,36.9,37.3,,,,,
2010/05/17,37.46,37.7,36.77,37.365,,,,,
2010/05/18,37.02,37.46,36.5,36.71,,,,,
2010/05/19,36.68,36.89,36.17,36.45,,,,,
2010/05/20,35.75,36.24,35.25,35.59,,,,,
2010/05/21,35.1,36.28,34.83,35.89,,,,,
2010/05/24,35.6,36.15,35.43,35.67,,,,,
2010/05/25,34.89,35.66,34.52,35.61,,,,,
2010/05/26,35.75,36.1,34.76,34.88,,,,,
2010/05/27,35.35,35.6,35.1,35.56,,,,,
2010/05/28,35.41,35.925,35.16,35.56,,,,,
2010/06/01,35.445,36.08,34.96,35.07,,,,,
2010/06/02,35.13,36.04,34.7,36.02,,,,,
2010/06/03,36.25,36.81,35.78,36.47,,,,,
2010/06/04,35.75,36.22,35.15,35.3025,,,,,
2010/06/07,35.35,35.7704,34.97,35.01,,,,,
2010/06/08,34.845,35.31,34.57,35.27,,,,,
2010/06/09,35.3,35.38,34.63,34.72,,,,,
2010/06/10,35.16,35.17,34.33,35.03,,,,,
2010/06/11,34.54,35.47,34.52,35.36,,,,,
2010/06/14,35.7,35.88,34.72,34.79,,,,,
2010/06/15,35,35.6,34.99,35.58,,,,,
2010/06/16,35.4,35.438,34.8,35.08,,,,,
2010/06/17,35.24,35.77,35.01,35.71,,,,,
2010/06/18,35.75,36.07,35.57,35.69,,,,,
2010/06/21,35.85,36.17,35.36,35.64,,,,,
2010/06/22,35.76,36.36,35.55,35.57,,,,,
2010/06/23,35.61,35.81,35.27,35.42,,,,,
2010/06/24,35.22,35.3,34.63,34.79,,,,,
2010/06/25,34.7,34.9,34.28,34.57,,,,,
2010/06/28,34.63,34.88,34.01,34.04,,,,,
2010/06/29,33.78,33.79,32.87,33.14,,,,,
2010/06/30,33,33.6463,32.73,32.84,,,,,
2010/07/01,32.79,32.88,31.63,31.96,,,,,
2010/07/02,31.87,32.68,31.6501,32.37,,,,,
2010/07/06,32.66,33.32,32.45,32.65,,,,,
2010/07/07,32.82,33.47,32.44,33.38,,,,,
2010/07/08,33.79,33.99,33.25,33.93,,,,,
2010/07/09,34.05,34.14,33.56,33.91,,,,,
2010/07/12,34.74,35.33,34.51,35.1,,,,,
2010/07/13,35.51,35.98,35.34,35.95,,,,,
2010/07/14,36.24,37.09,35.98,36.9,,,,,
2010/07/15,36.99,37.12,36.38,36.88,,,,,
2010/07/16,36.97,37.22,35.74,35.96,,,,,
2010/07/19,36.26,37.08,36.2,36.77,,,,,
2010/07/20,36.08,36.78,35.74,36.75,,,,,
2010/07/21,36.86,37,35.81,36.16,,,,,
2010/07/22,38.34,39.52,38.3,39.11,,,,,
2010/07/23,39.03,39.66,38.78,39.08,,,,,
2010/07/26,38.72,39.28,38.72,39.24,,,,,
2010/07/27,39.45,39.5,39.13,39.22,,,,,
2010/07/28,39.35,39.425,38.61,38.76,,,,,
2010/07/29,39.35,39.42,38.26,38.78,,,,,
2010/07/30,38.26,38.3905,37.76,38.08,,,,,
2010/08/02,38.33,39,38.02,38.76,,,,,
2010/08/03,38.59,38.8,38.3,38.46,,,,,
2010/08/04,38.39,38.615,38.01,38.43,,,,,
2010/08/05,38.21,38.7,38.12,38.5,,,,,
2010/08/06,38.2,38.98,37.95,38.65,,,,,
2010/08/09,38.87,39.94,38.83,39.75,,,,,
2010/08/10,39.5,40,39.08,39.78,,,,,
2010/08/11,39.2,39.44,38.44,39.36,,,,,
2010/08/12,37.83,38.89,37.8,38.24,,,,,
2010/08/13,38,38.34,37.83,37.95,,,,,
2010/08/16,37.88,38.89,37.45,38.64,,,,,
2010/08/17,38.96,39.79,38.93,39.14,,,,,
2010/08/18,39.1,39.41,38.61,39.04,,,,,
2010/08/19,38.75,38.84,37.72,38.11,,,,,
2010/08/20,38.11,39.09,38,38.91,,,,,
2010/08/23,39.19,39.45,38.41,38.54,,,,,
2010/08/24,38.4,38.48,37.76,38.04,,,,,
2010/08/25,37.67,38.73,37.65,38.46,,,,,
2010/08/26,38.67,38.82,37.98,38.28,,,,,
2010/08/27,38.5,38.85,37.74,38.64,,,,,
2010/08/30,38.39,38.77,38.29,38.29,,,,,
2010/08/31,38.18,38.76,37.81,38.3,,,,,
2010/09/01,38.96,40.15,38.92,39.5975,,,,,
2010/09/02,39.69,40.03,39.45,40.02,,,,,
2010/09/03,40.28,40.475,39.76,40.38,,,,,
2010/09/07,40.11,40.82,39.92,40.57,,,,,
2010/09/08,40.64,41.14,40.63,40.92,,,,,
2010/09/09,41.16,41.22,40.52,40.9,,,,,
2010/09/10,41.02,41.04,40.07,40.42,,,,,
2010/09/13,40.94,41.36,40.74,41,,,,,
2010/09/14,40.85,41.38,40.58,41.11,,,,,
2010/09/15,41.1,42.2106,41.01,41.9775,,,,,
2010/09/16,41.8,42.3,41.65,41.97,,,,,
2010/09/17,42.12,42.75,41.9375,42.53,,,,,
2010/09/20,42.58,43.1,42.57,43.01,,,,,
2010/09/21,43.21,43.8725,43.11,43.5125,,,,,
2010/09/22,43.55,43.76,42.7,43.3,,,,,
2010/09/23,42.95,43.745,42.76,43.65,,,,,
2010/09/24,43.95,44.97,43.86,44.55,,,,,
2010/09/27,44.32,45,44.14,44.59,,,,,
2010/09/28,44.69,44.85,43.7,44.0675,,,,,
2010/09/29,43.76,44.51,43.7,44.31,,,,,
2010/09/30,45.07,45.75,44.77,45.1325,,,,,
2010/10/01,45.51,45.6,43.92,44.26,,,,,
2010/10/04,44.43,44.43,43.35,43.89,,,,,
2010/10/05,44.42,44.9,44.08,44.26,,,,,
2010/10/06,44.21,44.68,43.87,44.65,,,,,
2010/10/07,44.91,44.96,44.14,44.55,,,,,
2010/10/08,44.48,44.91,44.05,44.76,,,,,
2010/10/11,44.67,44.7,43.94,44.18,,,,,
2010/10/12,44.18,45,43.77,44.79,,,,,
2010/10/13,44.965,45.51,44.74,45.32,,,,,
2010/10/14,45.02,45.35,44.81,45.04,,,,,
2010/10/15,45.41,45.51,44.49,44.7875,,,,,
2010/10/18,44.78,44.8,44.13,44.49,,,,,
2010/10/19,44.25,44.57,43.5,44.22,,,,,
2010/10/20,44.26,44.901,44.26,44.38,,,,,
2010/10/21,44.44,44.51,42.45,43.98,,,,,
2010/10/22,43.85,44.27,43.61,44.18,,,,,
2010/10/25,44.35,44.5,44.2,44.33,,,,,
2010/10/26,43.98,43.99,43.21,43.935,,,,,
2010/10/27,43.48,44.51,43.44,44.48,,,,,
2010/10/28,44.85,44.91,44.41,44.42,,,,,
2010/10/29,44.55,45.63,44.55,45.16,,,,,
2010/11/01,45.52,46,45.14,45.33,,,,,
2010/11/02,45.75,45.94,45.23,45.38,,,,,
2010/11/03,45.21,45.76,44.62,45.69,,,,,
2010/11/04,48.61,49.45,48.065,48.34,,,,,
2010/11/05,47.87,48.36,47.4,48.33,,,,,
2010/11/08,48.02,48.33,47.58,47.8,,,,,
2010/11/09,47.86,48.24,47.39,47.92,,,,,
2010/11/10,48,48,47.25,47.68,,,,,
2010/11/11,46.98,48.01,46.89,47.92,,,,,
2010/11/12,47.61,47.73,46.69,47.47,,,,,
2010/11/15,47.61,47.82,46.86,46.865,,,,,
2010/11/16,46.43,46.69,46.08,46.38,,,,,
2010/11/17,46.56,48.37,46.5,47.98,,,,,
2010/11/18,48.43,48.86,47.7,47.72,,,,,
2010/11/19,47.62,48.05,47.41,47.96,,,,,
2010/11/22,47.81,48.12,46.99,47.62,,,,,
2010/11/23,47.23,47.37,46.73,47.1,,,,,
2010/11/24,47.41,48.2,47.14,48.0725,,,,,
2010/11/26,47.78,47.94,47.55,47.7,,,,,
2010/11/29,47.47,47.65,46.76,47.28,,,,,
2010/11/30,46.51,47.15,46.46,46.82,,,,,
2010/12/01,47.32,48.25,47.3,47.89,,,,,
2010/12/02,48.04,48.65,47.89,48.49,,,,,
2010/12/03,48.4,48.94,48.24,48.82,,,,,
2010/12/06,48.55,48.69,48.09,48.3225,,,,,
2010/12/07,48.74,49.01,48.45,48.47,,,,,
2010/12/08,48.57,48.89,48.265,48.88,,,,,
2010/12/09,49.15,49.29,48.71,49.08,,,,,
2010/12/10,49,49.5,48.9,49.4775,,,,,
2010/12/13,49.52,49.76,49.1,49.1175,,,,,
2010/12/14,49.3,49.5,48.83,49.18,,,,,
2010/12/15,49.36,49.57,48.82,49.09,,,,,
2010/12/16,49.14,49.76,48.86,49.65,,,,,
2010/12/17,49.65,49.72,49.26,49.46,,,,,
2010/12/20,49.72,49.83,49.15,49.44,,,,,
2010/12/21,49.7,50,49.58,49.99,,,,,
2010/12/22,49.8,50,49.62,49.99,,,,,
2010/12/23,49.87,49.97,49.28,49.44,,,,,
2010/12/27,49.4,49.7968,48.98,49.61,,,,,
2010/12/28,49.77,49.96,49.57,49.86,,,,,
2010/12/29,49.97,50.31,49.86,49.99,,,,,
2010/12/30,50,50.21,49.63,49.73,,,,,
2010/12/31,49.64,49.83,49,49.49,,,,,
2011/01/03,49.89,50.8,49.85,50.18,,,,,
2011/01/04,50.4,51.06,49.59,50.97,,,,,
2011/01/05,51.55,52.4,51.25,52.03,,,,,
2011/01/06,52.11,53.03,52.04,52.67,,,,,
2011/01/07,52.81,52.9,51.4,51.73,,,,,
2011/01/10,51.44,52.2,51.44,51.69,,,,,
2011/01/11,51.57,52.44,51.57,52.07,,,,,
2011/01/12,52.25,52.34,51.59,52.34,,,,,
2011/01/13,52.28,52.45,51.51,51.87,,,,,
2011/01/14,51.93,52.135,51.43,52.04,,,,,
2011/01/18,52.37,53.06,52.29,53.03,,,,,
2011/01/19,52.71,53.1,51.89,52.14,,,,,
2011/01/20,52.16,52.2399,51.2601,51.33,,,,,
2011/01/21,51.55,52,51.09,51.235,,,,,
2011/01/24,51.12,51.5,50.84,51.49,,,,,
2011/01/25,51.43,51.57,50.62,51.52,,,,,
2011/01/26,51.44,52.07,51,51.86,,,,,
2011/01/27,54.2,55,53.77,54.9,,,,,
2011/01/28,54.1,54.69,53.39,53.74,,,,,
2011/01/31,53.85,54.465,53.07,54.13,,,,,
2011/02/01,54.3,55.27,54.11,55.08,,,,,
2011/02/02,54.77,54.9,53.88,53.985,,,,,
2011/02/03,54,55.24,53.81,54.9775,,,,,
2011/02/04,55.04,55.38,54.5,55.23,,,,,
2011/02/07,55.11,55.62,54.83,55.07,,,,,
2011/02/08,55.49,56.1,55.35,56.1,,,,,
2011/02/09,55.95,56.37,55.75,56.21,,,,,
2011/02/10,56.17,57.19,55.88,57,,,,,
2011/02/11,56.76,57.65,56.68,57.6,,,,,
2011/02/14,57.74,58.8,57.61,58.17,,,,,
2011/02/15,58.01,58.96,57.92,58.64,,,,,
2011/02/16,58.89,58.98,58.25,58.54,,,,,
2011/02/17,58.31,59.01,58.2,59,,,,,
2011/02/18,59.04,59.43,58.66,59.19,,,,,
2011/02/22,58.56,58.99,57.89,58.245,,,,,
2011/02/23,57.9,58.4,56.52,57.01,,,,,
2011/02/24,57.3,58.11,57,57.8,,,,,
2011/02/25,58.12,59.2,57.9,59.02,,,,,
2011/02/28,58.99,59.8,58.91,59.58,,,,,
2011/03/01,59.84,59.84,57.8,58.04,,,,,
2011/03/02,57.88,58.18,56.97,57.1,,,,,
2011/03/03,57.7,58.98,57.67,58.84,,,,,
2011/03/04,58.79,58.879,57.6,58.15,,,,,
2011/03/07,58.49,58.59,56.82,57.58,,,,,
2011/03/08,56.72,57.49,55.55,57.15,,,,,
2011/03/09,56.85,56.85,54.91,55,,,,,
2011/03/10,54.41,54.97,53.84,54.04,,,,,
2011/03/11,53.7,54.08,53.39,53.61,,,,,
2011/03/14,52.97,53.6,52.75,53.48,,,,,
2011/03/15,51.14,53.28,50.1,53,,,,,
2011/03/16,52.5,52.82,50.4,50.5,,,,,
2011/03/17,52.62,53.47,51.99,52.32,,,,,
2011/03/18,52.83,53.16,50.76,51.71,,,,,
2011/03/21,53.24,54.11,53.03,53.63,,,,,
2011/03/22,53.58,53.76,52.35,52.4875,,,,,
2011/03/23,52.47,52.58,51.7,52.45,,,,,
2011/03/24,52.61,53.77,52.07,53.72,,,,,
2011/03/25,53.83,53.99,52.72,52.75,,,,,
2011/03/28,52.95,53.28,52.1,52.18,,,,,
2011/03/29,52.44,54.09,52.36,53.91,,,,,
2011/03/30,54.37,54.61,53.8,54.51,,,,,
2011/03/31,54.56,54.95,54.34,54.83,,,,,
2011/04/01,55.07,55.19,54.25,54.47,,,,,
2011/04/04,54.54,54.71,52.48,53.11,,,,,
2011/04/05,53.02,53.64,52.4,52.58,,,,,
2011/04/06,53.11,53.89,52.99,53.54,,,,,
2011/04/07,53.36,54.32,53.05,53.23,,,,,
2011/04/08,54,54.35,53.32,53.63,,,,,
2011/04/11,53.87,54.47,53.34,53.4,,,,,
2011/04/12,52.8,52.97,51.73,52.25,,,,,
2011/04/13,52.86,52.93,52.01,52.68,,,,,
2011/04/14,51.99,52.85,51.45,52.6,,,,,
2011/04/15,52.84,53.455,52.11,53.14,,,,,
2011/04/18,52.2,53.33,52.04,53.29,,,,,
2011/04/19,53.29,53.69,52.88,53.42,,,,,
2011/04/20,54.7,55.4,54.5,55.27,,,,,
2011/04/21,57.25,57.62,56.56,56.94,,,,,
2011/04/25,56.37,57.18,56.21,56.82,,,,,
2011/04/26,57.12,57.51,56.93,57.22,,,,,
2011/04/27,57.83,58.46,57.1,58.18,,,,,
2011/04/28,57.76,58,57.15,57.58,,,,,
2011/04/29,57.58,57.9891,56.84,57.09,,,,,
2011/05/02,57.44,57.9,56.98,57.24,,,,,
2011/05/03,57.31,57.54,55.96,56.49,,,,,
2011/05/04,56.32,57.0132,55.42,56.08,,,,,
2011/05/05,55.64,56.82,55.59,56.13,,,,,
2011/05/06,56.75,57.54,56.33,56.57,,,,,
2011/05/09,56.75,56.92,55.99,56.66,,,,,
2011/05/10,56.94,57.1,56.34,56.91,,,,,
2011/05/11,56.82,57.72,56.19,56.59,,,,,
2011/05/12,56.26,57.6499,56.14,57.34,,,,,
2011/05/13,57.34,57.83,56.77,57.12,,,,,
2011/05/16,57.18,57.76,56.48,56.7,,,,,
2011/05/17,56.38,56.495,55.66,56.35,,,,,
2011/05/18,56.23,56.78,55.77,56.45,,,,,
2011/05/19,56.62,57.67,56.62,57.3,,,,,
2011/05/20,57.22,57.75,57.03,57.38,,,,,
2011/05/23,56.49,56.7,55.92,56.38,,,,,
2011/05/24,56.51,57.01,55.95,56.31,,,,,
2011/05/25,56.34,57.42,56.33,56.99,,,,,
2011/05/26,56.74,57.55,56.54,57.17,,,,,
2011/05/27,57.34,57.8,57.06,57.35,,,,,
2011/05/31,57.95,58.59,54.32,58.59,,,,,
2011/06/01,58.43,58.95,56.98,57.155,,,,,
2011/06/02,57.34,58.31,57.34,57.8,,,,,
2011/06/03,57.12,58.16,56.95,57.04,,,,,
2011/06/06,56.9,57.49,56.42,56.48,,,,,
2011/06/07,56.62,57.075,56.47,56.51,,,,,
2011/06/08,56.24,56.52,55.52,56.3,,,,,
2011/06/09,56.13,56.47,55.68,55.87,,,,,
2011/06/10,55.7,55.74,54.355,54.6,,,,,
2011/06/13,54.79,54.89,54.24,54.4,,,,,
2011/06/14,54.87,55.87,54.75,55.58,,,,,
2011/06/15,55.23,55.56,53.8,54.1,,,,,
2011/06/16,54.12,54.21,52.42,52.99,,,,,
2011/06/17,53.92,54.3,52.6,52.69,,,,,
2011/06/20,52.53,53.5301,52.13,53.48,,,,,
2011/06/21,53.66,54.99,53.15,54.43,,,,,
2011/06/22,54.14,54.41,53.67,53.995,,,,,
2011/06/23,53.12,54.98,53.06,54.96,,,,,
2011/06/24,54.77,54.96,54.09,54.19,,,,,
2011/06/27,54.08,55.11,53.64,54.75,,,,,
2011/06/28,54.83,55.67,54.705,55.45,,,,,
2011/06/29,55.6,55.93,55.25,55.43,,,,,
2011/06/30,55.66,56.85,55.51,56.79,,,,,
2011/07/01,56.79,57.98,56.44,57.88,,,,,
2011/07/05,57.75,58.25,57.51,58.14,,,,,
2011/07/06,57.88,58.75,57.88,58.7,,,,,
2011/07/07,58.9,59.48,58.86,59.26,,,,,
2011/07/08,58.79,59.37,58.08,59.36,,,,,
2011/07/11,58.73,58.93,57.76,58.24,,,,,
2011/07/12,58.26,58.59,56.21,56.52,,,,,
2011/07/13,57.05,57.09,56.01,56.09,,,,,
2011/07/14,56.1,56.44,54.29,54.92,,,,,
2011/07/15,55.05,55.5,54.64,54.96,,,,,
2011/07/18,54.87,55.31,54.53,55.28,,,,,
2011/07/19,55.99,57.245,55.87,56.98,,,,,
2011/07/20,58.69,59.4,57.1,57.3,,,,,
2011/07/21,56,57.25,55.87,56.935,,,,,
2011/07/22,57.16,57.71,56.76,57.46,,,,,
2011/07/25,56.92,57.51,56.66,56.81,,,,,
2011/07/26,56.85,56.99,56.3,56.54,,,,,
2011/07/27,56,56.15,54.3915,54.59,,,,,
2011/07/28,54.71,55.61,54.46,54.99,,,,,
2011/07/29,54.39,55.37,54.06,54.78,,,,,
2011/08/01,55.34,55.44,53.41,54.12,,,,,
2011/08/02,53.63,54.02,52.95,53.01,,,,,
2011/08/03,53.22,53.81,52.7,53.73,,,,,
2011/08/04,52.85,53.09,51.2,51.25,,,,,
2011/08/05,51.81,51.98,48.97,51.02,,,,,
2011/08/08,49.26,50,46.88,47.29,,,,,
2011/08/09,47.89,49.89,46.7,49.89,,,,,
2011/08/10,48.4,49.02,47.13,47.26,,,,,
2011/08/11,47.73,50.04,47.55,49.55,,,,,
2011/08/12,49.9,51.245,49.18,50.5,,,,,
2011/08/15,50.75,51.41,50.205,51.26,,,,,
2011/08/16,50.48,51.46,49.96,51.07,,,,,
2011/08/17,50.98,51.45,49.97,51.01,,,,,
2011/08/18,49.04,49.15,47.36,47.95,,,,,
2011/08/19,47.23,48.17,46.44,46.52,,,,,
2011/08/22,47.7,47.81,45.98,46.4,,,,,
2011/08/23,46.73,48.06,46.57,48.06,,,,,
2011/08/24,48.22,48.33,46.88,47.93,,,,,
2011/08/25,48.16,48.545,46.78,46.95,,,,,
2011/08/26,46.99,49.61,46.29,48.94,,,,,
2011/08/29,49.65,51.07,49.44,50.92,,,,,
2011/08/30,50.55,51.7,50.165,51.24,,,,,
2011/08/31,51.84,52.16,50.9,51.46,,,,,
2011/09/01,51.92,52.87,51.02,51.06,,,,,
2011/09/02,49.98,50.45,49.25,49.68,,,,,
2011/09/06,48.4,49.56,47.595,49.45,,,,,
2011/09/07,50.34,51.69,50.27,51.69,,,,,
2011/09/08,51.57,53.28,51.29,51.55,,,,,
2011/09/09,51.07,51.27,49.8,50.405,,,,,
2011/09/12,49.61,51.43,49.61,51.39,,,,,
2011/09/13,51.48,52.52,51.4,52.32,,,,,
2011/09/14,52.6,53.75,51.88,53.07,,,,,
2011/09/15,53.74,53.92,52.45,53.63,,,,,
2011/09/16,53.8,53.94,53.12,53.87,,,,,
2011/09/19,53.06,53.91,52.41,53.67,,,,,
2011/09/20,53.92,54.3,53.04,53.11,,,,,
2011/09/21,52.88,53.69,51.65,51.66,,,,,
2011/09/22,49.99,51.26,48.96,50.03,,,,,
2011/09/23,49.77,50.695,49.25,50.29,,,,,
2011/09/26,50.39,50.89,49.24,50.58,,,,,
2011/09/27,51.55,52.78,50.75,51.78,,,,,
2011/09/28,52.1,52.52,50.97,51.06,,,,,
2011/09/29,51.9,52.22,48.81,50.13,,,,,
2011/09/30,49.46,50.3,48.63,48.63,,,,,
2011/10/03,48.21,49.35,47.38,47.65,,,,,
2011/10/04,47.06,49.56,46.4,49.43,,,,,
2011/10/05,49.63,50.9,49.33,50.77,,,,,
2011/10/06,50.58,50.96,50,50.87,,,,,
2011/10/07,50.94,51,49.64,50.23,,,,,
2011/10/10,51.01,52.14,50.59,52.09,,,,,
2011/10/11,52.02,52.11,51.51,51.65,,,,,
2011/10/12,52.3,52.94,52.02,52.04,,,,,
2011/10/13,51.94,53.41,51.9,53.31,,,,,
2011/10/14,54.05,55.03,53.84,54.98,,,,,
2011/10/17,54.7,54.9,53.34,53.64,,,,,
2011/10/18,53.6,54.95,53.0785,54.56,,,,,
2011/10/19,53.8,54.4293,52.36,52.6,,,,,
2011/10/20,52.81,53.26,51.72,52.01,,,,,
2011/10/21,52.76,52.84,51.48,52.02,,,,,
2011/10/24,52.4,53.8,52.36,53.61,,,,,
2011/10/25,53.41,53.7,52.2,52.32,,,,,
2011/10/26,52.82,52.83,50.79,51.6,,,,,
2011/10/27,53.09,54,52.5,53.52,,,,,
2011/10/28,53.41,53.5,52.71,53.23,,,,,
2011/10/31,52.68,53.11,51.6,51.6,,,,,
2011/11/01,49.92,50.82,49.78,50.14,,,,,
2011/11/02,51.1,52.32,51.07,52.18,,,,,
2011/11/03,56.28,56.96,54.76,56.11,,,,,
2011/11/04,55.14,56.67,55.11,56.5,,,,,
2011/11/07,55.8,56.99,55.8,56.92,,,,,
2011/11/08,57.14,57.29,56.26,57.03,,,,,
2011/11/09,55.68,56.5,54.95,55.41,,,,,
2011/11/10,56.14,56.22,54.655,55.21,,,,,
2011/11/11,55.92,56.99,55.66,56.62,,,,,
2011/11/14,56.57,57.5,56.44,57.1,,,,,
2011/11/15,56.78,57.75,56.48,57.4,,,,,
2011/11/16,56.72,57.97,56.31,56.88,,,,,
2011/11/17,56.64,57.17,55.41,56.38,,,,,
2011/11/18,56.55,56.5635,55.44,55.67,,,,,
2011/11/21,54.39,54.7671,53.8,54.27,,,,,
2011/11/22,53.94,55.02,53.93,54.48,,,,,
2011/11/23,53.42,53.48,51.6,52.03,,,,,
2011/11/25,51.68,53,51.68,51.86,,,,,
2011/11/28,53.42,54.04,53.19,53.94,,,,,
2011/11/29,53.99,54.58,52.85,53.11,,,,,
2011/11/30,54.8,55.12,54.08,54.8,,,,,
2011/12/01,54.7,55.09,54.355,54.73,,,,,
2011/12/02,55.4,55.7,54.29,54.34,,,,,
2011/12/05,55.17,55.18,53.69,54.49,,,,,
2011/12/06,54.61,55.16,54.05,54.83,,,,,
2011/12/07,54.53,54.74,53.55,54.45,,,,,
2011/12/08,54.05,54.99,53.88,54.07,,,,,
2011/12/09,53.99,55.4,53.75,55.18,,,,,
2011/12/12,54.41,54.86,54,54.78,,,,,
2011/12/13,55.39,55.73,53.79,54.19,,,,,
2011/12/14,54.18,54.31,52.69,53.1,,,,,
2011/12/15,53.75,53.77,52.19,52.55,,,,,
2011/12/16,52.9,53.83,52.42,52.61,,,,,
2011/12/19,53,53.07,51.76,51.92,,,,,
2011/12/20,52.87,54.34,52.79,54.105,,,,,
2011/12/21,54.19,54.4005,52.8,53.49,,,,,
2011/12/22,53.49,54.515,53.46,54.38,,,,,
2011/12/23,54.6,54.74,53.95,54.63,,,,,
2011/12/27,54.3,54.99,54.01,54.87,,,,,
2011/12/28,54.8,54.95,54.08,54.34,,,,,
2011/12/29,54.46,54.94,54.43,54.85,,,,,
2011/12/30,54.68,54.985,54.66,54.7,,,,,
2012/01/03,55.88,55.98,54.67,55.27,,,,,
2012/01/04,55.22,56.2,54.56,55.83,,,,,
2012/01/05,55.87,56.2,55.29,56.06,,,,,
2012/01/06,55.91,56.4,55.86,56.16,,,,,
2012/01/09,56.14,56.36,55.429,55.91,,,,,
2012/01/10,56.56,56.6,55.715,55.75,,,,,
2012/01/11,55.75,56.03,55.55,55.62,,,,,
2012/01/12,55.61,56.51,55.48,56.33,,,,,
2012/01/13,55.94,56.73,55.92,56.54,,,,,
2012/01/17,56.93,57.74,56.72,57.14,,,,,
2012/01/18,57.12,57.91,56.96,57.59,,,,,
2012/01/19,57.71,58.24,57.47,58,,,,,
2012/01/20,58.02,58.1,57.47,57.73,,,,,
2012/01/23,57.94,58.72,57.86,58.15,,,,,
2012/01/24,57.76,58.68,57.567,58.68,,,,,
2012/01/25,59.12,59.5,58.53,58.99,,,,,
2012/01/26,59.13,59.35,57.54,57.81,,,,,
2012/01/27,57.55,58.15,57.54,57.79,,,,,
2012/01/30,57.24,58.64,57.03,58.63,,,,,
2012/01/31,58.95,59.35,58.6,58.82,,,,,
2012/02/01,59.48,59.75,58.79,59.56,,,,,
2012/02/02,61.03,61.95,60.6,60.73,,,,,
2012/02/03,60.99,61.33,60.6101,61.06,,,,,
2012/02/06,60.82,61.12,60.54,61.07,,,,,
2012/02/07,60.81,61.62,60.54,61.55,,,,,
2012/02/08,61.42,61.67,60.94,61.47,,,,,
2012/02/09,61.59,61.99,61.39,61.94,,,,,
2012/02/10,61.43,61.8,61.24,61.73,,,,,
2012/02/13,61.99,61.99,61.2,61.74,,,,,
2012/02/14,61.52,61.71,61.1,61.71,,,,,
2012/02/15,61.81,61.99,61.36,61.58,,,,,
2012/02/16,61.79,62.4,61.56,62.27,,,,,
2012/02/17,62.26,62.71,62,62.52,,,,,
2012/02/21,62.66,62.93,62.35,62.78,,,,,
2012/02/22,62.65,62.9425,62.44,62.55,,,,,
2012/02/23,62.55,63.66,62.32,63.51,,,,,
2012/02/24,63.8,63.81,63.37,63.44,,,,,
2012/02/27,62.9,63.61,62.75,63.31,,,,,
2012/02/28,63.4,63.45,62.49,62.68,,,,,
2012/02/29,62.66,62.97,62,62.18,,,,,
2012/03/01,62.21,62.89,62.15,62.61,,,,,
2012/03/02,62.68,62.74,62.16,62.43,,,,,
2012/03/05,62.23,62.32,61.51,62.11,,,,,
2012/03/06,61.77,62.45,60.93,61.56,,,,,
2012/03/07,61.81,62.95,61.49,62.72,,,,,
2012/03/08,62.99,63.64,62.87,63.32,,,,,
2012/03/09,63.59,64.28,63.43,63.93,,,,,
2012/03/12,63.95,64.19,63.46,63.85,,,,,
2012/03/13,64.16,64.89,64.15,64.85,,,,,
2012/03/14,64.81,65.56,64.7,65.11,,,,,
2012/03/15,65.28,65.49,64.88,65.21,,,,,
2012/03/16,65.17,65.62,65.08,65.41,,,,,
2012/03/19,65.839,67,65.54,66.75,,,,,
2012/03/20,66.43,66.82,66.33,66.75,,,,,
2012/03/21,66.85,66.9,65.9,66.43,,,,,
2012/03/22,66.23,66.41,65.95,66.29,,,,,
2012/03/23,66.5,66.74,65.69,66.685,,,,,
2012/03/26,67.34,68.71,67.3,68.59,,,,,
2012/03/27,68.59,68.87,68.34,68.49,,,,,
2012/03/28,68.18,68.68,67.34,68.12,,,,,
2012/03/29,67.88,67.99,67.3,67.93,,,,,
2012/03/30,68.25,68.28,67.76,68.06,,,,,
2012/04/02,68.25,68.83,67.5,68.32,,,,,
2012/04/03,68.41,68.77,67.73,68.13,,,,,
2012/04/04,67.34,67.71,66.8386,67.39,,,,,
2012/04/05,67.31,67.6,67.07,67.19,,,,,
2012/04/09,66.12,67.7667,65.58,66.5,,,,,
2012/04/10,66.68,67.095,66.07,66.22,,,,,
2012/04/11,66.92,67.5,66.1,66.225,,,,,
2012/04/12,66.52,68.57,66.32,68.33,,,,,
2012/04/13,68,68.13,66.59,66.67,,,,,
2012/04/16,67.34,67.5,65.53,66.25,,,,,
2012/04/17,66.77,67.88,66.43,67.23,,,,,
2012/04/18,67.45,67.5,66.54,66.985,,,,,
2012/04/19,63.47,64.85,62.26,62.565,,,,,
2012/04/20,62.84,63.31,62.22,62.25,,,,,
2012/04/23,61.82,62.04,61.36,61.558,,,,,
2012/04/24,61.5,62.46,61.26,61.86,,,,,
2012/04/25,63.03,63.51,62.66,63.26,,,,,
2012/04/26,63.32,63.99,63.1,63.91,,,,,
2012/04/27,64.37,64.49,63.92,64.18,,,,,
2012/04/30,63.98,64.13,63.4,63.83,,,,,
2012/05/01,63.82,64.63,63.39,63.64,,,,,
2012/05/02,63.21,64.3,62.755,64.24,,,,,
2012/05/03,64.48,64.7195,63.46,63.55,,,,,
2012/05/04,63.04,63.07,61.38,61.91,,,,,
2012/05/07,61.28,62.31,61.25,61.92,,,,,
2012/05/08,61.73,62.81,60.86,62.67,,,,,
2012/05/09,61.95,62.9,61.81,62.01,,,,,
2012/05/10,62.59,62.8,62.22,62.48,,,,,
2012/05/11,62.05,63.06,61.57,61.86,,,,,
2012/05/14,61.17,62.13,60.97,61.46,,,,,
2012/05/15,61.55,62.5,61.27,61.44,,,,,
2012/05/16,61.664,61.93,59.07,59.11,,,,,
2012/05/17,59.26,59.36,56.55,57.16,,,,,
2012/05/18,57.46,58.3,55.72,55.98,,,,,
2012/05/21,55.85,57.58,55.85,57.22,,,,,
2012/05/22,57.41,58.3,57.35,57.93,,,,,
2012/05/23,57.5,58.42,57.09,58.14,,,,,
2012/05/24,58.41,58.68,56.65,57.15,,,,,
2012/05/25,57.2,57.73,57,57.32,,,,,
2012/05/29,57.9,58.75,57.61,58.39,,,,,
2012/05/30,57.49,58.01,56.87,57.45,,,,,
2012/05/31,57.29,57.71,56.3,57.31,,,,,
2012/06/01,55.97,56.41,54.85,55.12,,,,,
2012/06/04,55.12,55.92,54.92,55.85,,,,,
2012/06/05,55.54,57.3,55.45,57.18,,,,,
2012/06/06,57.4,58.56,57.25,58.405,,,,,
2012/06/07,59.14,59.5,57.83,58,,,,,
2012/06/08,57.93,58.92,57.54,58.76,,,,,
2012/06/11,58.97,59.29,57.67,57.79,,,,,
2012/06/12,57.95,59.45,57.6,59.4,,,,,
2012/06/13,59.35,59.685,58.67,58.94,,,,,
2012/06/14,58.88,58.89,56.01,56.79,,,,,
2012/06/15,56.39,57.16,55.62,56.5,,,,,
2012/06/18,56.12,57.3,55.8,56.77,,,,,
2012/06/19,56.77,57.32,56.67,57.02,,,,,
2012/06/20,57.18,57.68,56.66,57,,,,,
2012/06/21,57.17,57.35,55.04,55.13,,,,,
2012/06/22,55.27,55.94,55.14,55.64,,,,,
2012/06/25,55.13,55.37,53.45,53.555,,,,,
2012/06/26,53.77,54.49,53.41,53.92,,,,,
2012/06/27,53.9,55.44,53.84,54.91,,,,,
2012/06/28,54.58,55.2,53.77,54.3,,,,,
2012/06/29,55.71,55.95,54.4726,55.68,,,,,
2012/07/02,55.65,55.86,54.87,55.665,,,,,
2012/07/03,55.92,56.545,55.75,56.26,,,,,
2012/07/05,56.27,56.6801,55.77,56.25,,,,,
2012/07/06,55.87,56.23,54.83,55.31,,,,,
2012/07/09,55.39,56,54.93,55.32,,,,,
2012/07/10,55.49,55.86,54.8,55.17,,,,,
2012/07/11,54.97,55.15,53.62,54.37,,,,,
2012/07/12,53.84,54.39,53.11,53.73,,,,,
2012/07/13,53.64,55.185,53.62,54.98,,,,,
2012/07/16,55.26,55.33,53.96,54.36,,,,,
2012/07/17,54.6,55.33,53.09,54.46,,,,,
2012/07/18,54.56,56.64,54.55,56.05,,,,,
2012/07/19,58.85,58.89,57.4875,58.435,,,,,
2012/07/20,58.19,58.59,57.63,57.68,,,,,
2012/07/23,56.53,57.66,56.07,57.32,,,,,
2012/07/24,57.43,57.49,56.3,56.785,,,,,
2012/07/25,56.69,57.71,56.4001,57.28,,,,,
2012/07/26,58.04,58.7695,57.74,58.21,,,,,
2012/07/27,58.82,59.53,58.31,59.34,,,,,
2012/07/30,59.23,59.856,58.96,59.15,,,,,
2012/07/31,59.19,60.19,59.15,59.68,,,,,
2012/08/01,60.09,60.17,59.06,59.52,,,,,
2012/08/02,58.74,59.7,58.16,58.88,,,,,
2012/08/03,59.92,60.35,59.31,60.24,,,,,
2012/08/06,60.41,60.5,60.01,60.13,,,,,
2012/08/07,60.33,61.4,60.24,61.34,,,,,
2012/08/08,61.24,61.55,60.98,61.45,,,,,
2012/08/09,61.53,62,61.27,62,,,,,
2012/08/10,61.71,62.05,61.36,61.982,,,,,
2012/08/13,61.63,62.19,61.44,62.1,,,,,
2012/08/14,62.41,63.09,62.16,62.39,,,,,
2012/08/15,62.21,62.79,61.91,62.52,,,,,
2012/08/16,62.7,63,62.51,62.57,,,,,
2012/08/17,62.9,63.34,62.55,63.29,,,,,
2012/08/20,63.1,63.29,62.35,62.8,,,,,
2012/08/21,62.8,63.295,61.59,62.08,,,,,
2012/08/22,62.15,62.47,61.65,62.17,,,,,
2012/08/23,62.04,62.33,61.75,62.045,,,,,
2012/08/24,61.98,62.615,61.75,62.43,,,,,
2012/08/27,62.54,62.605,62.03,62.37,,,,,
2012/08/28,62.22,62.55,61.87,62.01,,,,,
2012/08/29,61.98,62.4605,61.78,62.11,,,,,
2012/08/30,61.64,61.97,61.07,61.2,,,,,
2012/08/31,61.59,61.7,60.78,61.46,,,,,
2012/09/04,61.2,61.4,60.42,60.81,,,,,
2012/09/05,60.7,60.885,60.28,60.68,,,,,
2012/09/06,61.3,62.67,61.2,62.62,,,,,
2012/09/07,62.5,62.955,61.88,61.93,,,,,
2012/09/10,61.99,62.665,61.14,61.29,,,,,
2012/09/11,61.31,62.16,61.3,61.846,,,,,
2012/09/12,62.3,62.63,61.97,62.44,,,,,
2012/09/13,62.58,64.25,62.5,63.845,,,,,
2012/09/14,64.17,65.28,64.07,64.88,,,,,
2012/09/17,65.04,65.05,64.43,64.81,,,,,
2012/09/18,64.61,65.35,64.5,65.08,,,,,
2012/09/19,65.04,65.45,64.51,65.08,,,,,
2012/09/20,64.65,64.76,63.19,64.35,,,,,
2012/09/21,64.79,64.96,64.23,64.265,,,,,
2012/09/24,63.5,63.9,63.04,63.665,,,,,
2012/09/25,64.01,64.365,62.68,62.73,,,,,
2012/09/26,62.65,63.34,62.07,62.32,,,,,
2012/09/27,62.52,63.7,62.39,63.49,,,,,
2012/09/28,63.06,63.22,62.27,62.47,,,,,
2012/10/01,62.73,62.79,61.53,61.91,,,,,
2012/10/02,62.13,62.31,61.52,61.79,,,,,
2012/10/03,62.15,62.37,61.63,62.07,,,,,
2012/10/04,62.15,62.775,61.67,62.65,,,,,
2012/10/05,63.04,63.75,62.42,62.64,,,,,
2012/10/08,62.05,62.32,61.38,61.4,,,,,
2012/10/09,61.28,61.65,60.29,60.39,,,,,
2012/10/10,60.2,60.27,59.65,59.78,,,,,
2012/10/11,60.45,60.51,59.16,59.21,,,,,
2012/10/12,59.2,59.23,58.1,58.89,,,,,
2012/10/15,59.23,59.47,58.24,59.29,,,,,
2012/10/16,59.49,60.45,59.2,60.3607,,,,,
2012/10/17,59.88,61.26,59.88,60.98,,,,,
2012/10/18,61.03,61.04,59.61,59.96,,,,,
2012/10/19,59.99,59.99,58.5,58.75,,,,,
2012/10/22,58.5,58.78,58.03,58.68,,,,,
2012/10/23,58.09,58.69,57.67,58.31,,,,,
2012/10/24,58.82,58.94,57.47,57.63,,,,,
2012/10/25,57.99,58.21,57.29,57.43,,,,,
2012/10/26,57.8,59.21,57.7,59.04,,,,,
2012/10/31,59.15,59.48,58.32,58.61,,,,,
2012/11/01,58.71,59.87,58.52,59.73,,,,,
2012/11/02,60,60.1,59.22,59.3,,,,,
2012/11/05,60.14,60.55,59.8,60.43,,,,,
2012/11/06,60.55,60.72,60.01,60.37,,,,,
2012/11/07,59.4,59.71,58.11,58.1213,,,,,
2012/11/08,62.76,62.8,60.38,60.67,,,,,
2012/11/09,61.12,62.24,61.04,61.62,,,,,
2012/11/12,61.84,62.1199,61.15,61.62,,,,,
2012/11/13,61.34,62.76,61.2,62.13,,,,,
2012/11/14,62.33,62.57,61.52,61.7268,,,,,
2012/11/15,61.64,62.29,60.84,61.2808,,,,,
2012/11/16,61.38,62.03,60.75,61.93,,,,,
2012/11/19,62.5,62.55,62.05,62.09,,,,,
2012/11/20,61.95,62.325,61.38,62.14,,,,,
2012/11/21,62.17,62.55,61.88,62.14,,,,,
2012/11/23,62.35,63.16,62.2,63.13,,,,,
2012/11/26,62.75,63.04,62.04,62.49,,,,,
2012/11/27,62.61,62.72,61.93,62.26,,,,,
2012/11/28,61.86,62.68,61.67,62.65,,,,,
2012/11/29,63.05,63.68,62.88,63.35,,,,,
2012/11/30,63.62,63.805,63.16,63.62,,,,,
2012/12/03,63.91,63.95,63.24,63.37,,,,,
2012/12/04,63.44,63.58,63,63.465,,,,,
2012/12/05,63.09,63.98,62.97,63.63,,,,,
2012/12/06,63.6,64.2,63.4,64.1982,,,,,
2012/12/07,64.32,64.4,63.48,63.86,,,,,
2012/12/10,63.8,64.24,63.67,63.93,,,,,
2012/12/11,64.17,64.67,64.09,64.35,,,,,
2012/12/12,64.51,64.72,63.33,63.4885,,,,,
2012/12/13,63.07,64.01,62.5,62.76,,,,,
2012/12/14,61.58,61.97,59.44,59.8302,,,,,
2012/12/17,60.2099,62.06,59.9,62.04,,,,,
2012/12/18,62.4,63.45,62.15,63.36,,,,,
2012/12/19,63.31,63.54,62.53,62.55,,,,,
2012/12/20,62.93,63.1593,62.53,62.8601,,,,,
2012/12/21,61.5052,62.505,61.36,61.61,,,,,
2012/12/24,61.5,61.95,61.4,61.9,,,,,
2012/12/26,61.88,62.26,61.3,61.59,,,,,
2012/12/27,61.57,61.75,60.72,61.51,,,,,
2012/12/28,61.15,61.6,60.55,60.6382,,,,,
2012/12/31,60.52,62.25,60.22,61.8596,,,,,
2013/01/02,63.58,64.75,63.545,64.75,,,,,
2013/01/03,64.82,65.19,64.09,64.4483,,,,,
2013/01/04,64.1,64.35,63.22,63.5,,,,,
2013/01/07,63.35,64.24,63.16,64.01,,,,,
2013/01/08,64.56,64.64,63.6,63.91,,,,,
2013/01/09,64.35,64.96,64.27,64.88,,,,,
2013/01/10,65.47,65.53,64.39,64.78,,,,,
2013/01/11,64.78,65,64.33,64.9,,,,,
2013/01/14,64.29,64.67,63.76,64.24,,,,,
2013/01/15,63.75,64.47,63.52,64.44,,,,,
2013/01/16,64.54,65.035,64.27,64.79,,,,,
2013/01/17,64.92,65.32,64.8,65.135,,,,,
2013/01/18,64.73,65.07,64.465,64.68,,,,,
2013/01/22,64.73,64.88,64.06,64.68,,,,,
2013/01/23,64.9,65.3,64.66,64.89,,,,,
2013/01/24,63.95,64.95,63.85,64.4,,,,,
2013/01/25,64.18,64.52,63.37,63.66,,,,,
2013/01/28,63.47,64.04,63.46,63.67,,,,,
2013/01/29,63.62,63.96,62.33,63.45,,,,,
2013/01/30,63.65,64.12,63.25,63.53,,,,,
2013/01/31,67.085,67.44,65.96,66.02,,,,,
2013/02/01,66.4,66.8,65.625,66.73,,,,,
2013/02/04,66.25,67.1,65.36,65.64,,,,,
2013/02/05,66.18,67.15,65.88,66.95,,,,,
2013/02/06,66.52,67.195,66.47,67.18,,,,,
2013/02/07,67.12,67.33,66.02,66.54,,,,,
2013/02/08,66.9,67.45,66.32,66.95,,,,,
2013/02/11,67,67.31,66.75,67.18,,,,,
2013/02/12,66.36,66.42,65.53,65.885,,,,,
2013/02/13,66.2,66.24,65.2,65.45,,,,,
2013/02/14,65.12,65.7,65.03,65.53,,,,,
2013/02/15,65.71,66.25,65.111,65.43,,,,,
2013/02/19,65.75,65.88,65.31,65.67,,,,,
2013/02/20,66.01,66.06,64.49,65.27,,,,,
2013/02/21,65.2,65.43,64.32,64.82,,,,,
2013/02/22,65.21,65.77,64.67,64.94,,,,,
2013/02/25,65.39,67.45,64.8,64.8,,,,,
2013/02/26,64.97,65.54,64.97,65.27,,,,,
2013/02/27,65.24,66.15,65,65.64,,,,,
2013/02/28,65.82,66.22,65.61,65.64,,,,,
2013/03/01,65.34,66.65,65.16,66.3,,,,,
2013/03/04,66.05,66.65,65.86,66.63,,,,,
2013/03/05,67.52,68.5,67.51,67.97,,,,,
2013/03/06,67.48,67.52,66.22,66.67,,,,,
2013/03/07,66.97,67.1,66.4,66.79,,,,,
2013/03/08,67.33,67.92,66.5,66.65,,,,,
2013/03/11,66.73,66.93,66.31,66.7,,,,,
2013/03/12,66.71,67.09,66.37,67.04,,,,,
2013/03/13,67.01,67.5,66.6599,66.755,,,,,
2013/03/14,67,67.06,66.36,66.57,,,,,
2013/03/15,66.42,66.58,64.74,64.975,,,,,
2013/03/18,64.41,64.8,63.4,64.56,,,,,
2013/03/19,64.69,65,63.91,64.72,,,,,
2013/03/20,65.41,66.1,64.74,65.74,,,,,
2013/03/21,65.7,66.12,65.06,65.35,,,,,
2013/03/22,65.69,66.05,65.6,65.92,,,,,
2013/03/25,66.19,66.19,65.28,65.67,,,,,
2013/03/26,65.99,66.69,65.87,66.62,,,,,
2013/03/27,66.17,66.74,65.76,66.68,,,,,
2013/03/28,66.64,67,66.53,66.94,,,,,
2013/04/01,66.7,66.84,65.605,66,,,,,
2013/04/02,66.5,66.71,65.9,66.255,,,,,
2013/04/03,66.5,66.65,65.94,65.97,,,,,
2013/04/04,65.98,66.3,65.34,65.81,,,,,
2013/04/05,64.67,65.25,64.55,65.16,,,,,
2013/04/08,65.14,65.86,65.09,65.86,,,,,
2013/04/09,66,66.201,65.32,65.96,,,,,
2013/04/10,66.28,67.655,66.19,67.285,,,,,
2013/04/11,67.24,67.6,66.62,67.03,,,,,
2013/04/12,67.023,67.07,66.09,66.68,,,,,
2013/04/15,66.23,66.67,65.43,65.49,,,,,
2013/04/16,65.78,66.18,65.38,65.81,,,,,
2013/04/17,65.08,65.18,64.01,64.23,,,,,
2013/04/18,64.99,65.59,63.25,63.64,,,,,
2013/04/19,63.62,64.12,63.03,63.93,,,,,
2013/04/22,64.09,64.59,63.58,64.58,,,,,
2013/04/23,64.95,65.49,64.61,65.35,,,,,
2013/04/24,66,66.56,65.81,66,,,,,
2013/04/25,62.81,63.05,61.79,62.44,,,,,
2013/04/26,62.51,62.68,61.47,61.52,,,,,
2013/04/29,61.8,62.11,61.52,61.61,,,,,
2013/04/30,61.6,62.12,61.25,61.6,,,,,
2013/05/01,61.43,62.07,61.43,61.92,,,,,
2013/05/02,62.14,63.01,61.93,62.89,,,,,
2013/05/03,63.52,63.85,63.31,63.77,,,,,
2013/05/06,63.82,64.32,63.74,63.86,,,,,
2013/05/07,63.81,64.22,63.53,63.97,,,,,
2013/05/08,63.9001,64.5,63.9001,64.12,,,,,
2013/05/09,64.21,64.5,63.93,64.11,,,,,
2013/05/10,64.01,64.64,64.01,64.64,,,,,
2013/05/13,64.34,65.07,64.18,64.815,,,,,
2013/05/14,65.01,65.32,64.74,65.32,,,,,
2013/05/15,65.33,65.6,65.041,65.54,,,,,
2013/05/16,65.43,66.2,65.36,65.64,,,,,
2013/05/17,66.22,66.67,65.57,66.61,,,,,
2013/05/20,66.3,66.6,66.01,66.1,,,,,
2013/05/21,65.68,66.21,65.6,65.76,,,,,
2013/05/22,65.63,66.15,64.88,65.23,,,,,
2013/05/23,64.59,64.93,63.63,63.91,,,,,
2013/05/24,63.7,64.35,63.51,64.26,,,,,
2013/05/28,64.64,64.88,64.02,64.07,,,,,
2013/05/29,63.78,64.3,63.5,64.11,,,,,
2013/05/30,64.13,64.76,64.03,64.18,,,,,
2013/05/31,63.9,64.577,63.48,63.48,,,,,
2013/06/03,63.37,63.67,62.69,63.23,,,,,
2013/06/04,63.43,64.045,63.2,63.71,,,,,
2013/06/05,63.65,63.65,62.68,63.15,,,,,
2013/06/06,63.34,63.82,62.53,62.97,,,,,
2013/06/07,62.9,63.1105,61.415,62.1,,,,,
2013/06/10,62.11,62.2,61.67,62.03,,,,,
2013/06/11,61.47,62.05,61.15,61.66,,,,,
2013/06/12,61.966,61.97,61.01,61.11,,,,,
2013/06/13,61.22,62.1192,60.75,61.96,,,,,
2013/06/14,61.79,61.93,61.34,61.38,,,,,
2013/06/17,61.61,62.35,61.49,62.07,,,,,
2013/06/18,62.29,62.73,62.01,62.38,,,,,
2013/06/19,62.63,62.8,61.83,61.91,,,,,
2013/06/20,61.4,61.855,60.67,60.92,,,,,
2013/06/21,60.93,61.05,60.215,60.67,,,,,
2013/06/24,60,60.21,59.46,59.885,,,,,
2013/06/25,60.42,62.38,60.37,61.81,,,,,
2013/06/26,62.56,62.92,61.17,61.27,,,,,
2013/06/27,61.63,61.77,60.27,61.08,,,,,
2013/06/28,60.64,61.63,60.55,61.09,,,,,
2013/07/01,61.495,61.61,60.9,60.96,,,,,
2013/07/02,60.74,61.235,60.635,60.92,,,,,
2013/07/03,60.74,61.34,60.66,60.91,,,,,
2013/07/05,60.75,60.96,60.27,60.95,,,,,
2013/07/08,60.75,60.94,59.83,59.99,,,,,
2013/07/09,60.15,60.34,59.02,59.39,,,,,
2013/07/10,59.23,60.65,59.2,60.44,,,,,
2013/07/11,61.15,61.37,60.81,61.3,,,,,
2013/07/12,61.35,62.02,61.29,62.02,,,,,
2013/07/15,61.39,61.66,60.85,61.28,,,,,
2013/07/16,61.49,61.88,61.2,61.85,,,,,
2013/07/17,62.05,62.66,61.56,62.65,,,,,
2013/07/18,61.94,62.02,60.82,61.115,,,,,
2013/07/19,61.22,61.57,61.09,61.46,,,,,
2013/07/22,61.68,62.21,61.495,62.21,,,,,
2013/07/23,62.27,62.75,62.21,62.3,,,,,
2013/07/24,62.89,62.96,61.19,61.39,,,,,
2013/07/25,63.49,64.45,62.89,63.42,,,,,
2013/07/26,62.92,64.8,62.83,64.61,,,,,
2013/07/29,64.47,64.9,64.17,64.24,,,,,
2013/07/30,64.72,65.19,64.39,64.51,,,,,
2013/07/31,64.6,64.95,64.4,64.562,,,,,
2013/08/01,64.78,65.48,64.31,65.27,,,,,
2013/08/02,64.89,66.76,64.89,66.75,,,,,
2013/08/05,65.41,66.39,65.335,66.25,,,,,
2013/08/06,66.18,66.3,65.53,65.59,,,,,
2013/08/07,65.27,65.8401,65,65.21,,,,,
2013/08/08,65.59,66.6428,65.36,66.35,,,,,
2013/08/09,66.34,66.55,66.04,66.27,,,,,
2013/08/12,65.89,66.617,65.8,66.46,,,,,
2013/08/13,66.73,67.45,66.53,67.25,,,,,
2013/08/14,67.08,67.22,66.625,66.96,,,,,
2013/08/15,66.35,66.95,66.2,66.95,,,,,
2013/08/16,66.69,67.42,66.69,66.9,,,,,
2013/08/19,66.88,67.4,66.29,66.33,,,,,
2013/08/20,66.53,67.135,66.31,66.71,,,,,
2013/08/21,66.31,67,66.19,66.57,,,,,
2013/08/22,66.69,67.17,66.64,67.13,,,,,
2013/08/23,67.01,67.34,66.6,67.15,,,,,
2013/08/26,67.03,67.24,66.795,66.95,,,,,
2013/08/27,66.31,66.65,65.91,66.021,,,,,
2013/08/28,66.07,66.84,65.99,66.56,,,,,
2013/08/29,66.57,67.14,66.4,66.71,,,,,
2013/08/30,66.63,66.66,65.74,66.28,,,,,
2013/09/03,66.92,67.74,66.52,66.75,,,,,
2013/09/04,66.82,67.51,66.8,67.28,,,,,
2013/09/05,67.33,67.96,67.24,67.83,,,,,
2013/09/06,67.98,68.45,67.37,68.02,,,,,
2013/09/09,68,69.37,68,69.299,,,,,
2013/09/10,69.39,70.37,69.39,70.09,,,,,
2013/09/11,68.29,68.6,67.49,68.09,,,,,
2013/09/12,68.73,69.72,68.5,68.81,,,,,
2013/09/13,69.21,69.24,68.36,68.58,,,,,
2013/09/16,69.02,69.05,67.97,68.09,,,,,
2013/09/17,68.36,69.46,68.15,69.42,,,,,
2013/09/18,69.47,69.87,68.91,69.64,,,,,
2013/09/19,69.71,70.04,69.42,69.46,,,,,
2013/09/20,69.52,69.89,69,69.06,,,,,
2013/09/23,70,70.235,68.88,68.98,,,,,
2013/09/24,68.72,68.91,68.14,68.51,,,,,
2013/09/25,68.44,69.07,68.26,68.75,,,,,
2013/09/26,69.08,69.35,68.7,68.87,,,,,
2013/09/27,68.19,68.28,67.08,67.38,,,,,
2013/09/30,66.94,67.59,66.55,67.32,,,,,
2013/10/01,67.4,67.88,67.17,67.49,,,,,
2013/10/02,67.03,67.74,66.951,67.68,,,,,
2013/10/03,67.72,67.72,66.7,67.11,,,,,
2013/10/04,67.25,68.19,67.13,68.02,,,,,
2013/10/07,66.39,67.65,66.3,67.19,,,,,
2013/10/08,67.18,67.23,66.26,66.35,,,,,
2013/10/09,66.55,66.58,65.47,65.71,,,,,
2013/10/10,66.22,66.97,66,66.84,,,,,
2013/10/11,66.96,67.6,66.59,67.55,,,,,
2013/10/14,67.11,67.94,66.92,67.75,,,,,
2013/10/15,68,68.7,67.8,68.17,,,,,
2013/10/16,68.5,69.1,68.39,68.87,,,,,
2013/10/17,68.29,68.76,67.8485,68.7,,,,,
2013/10/18,68.47,68.975,68.22,68.402,,,,,
2013/10/21,68.51,68.95,68.36,68.77,,,,,
2013/10/22,68.85,69.25,68.79,68.92,,,,,
2013/10/23,68.26,68.5,66.92,67.04,,,,,
2013/10/24,67.46,67.51,66.815,66.94,,,,,
2013/10/25,67.2,68.27,67,68.27,,,,,
2013/10/28,68.39,68.62,67.96,68.54,,,,,
2013/10/29,68.73,69.39,68.6,68.93,,,,,
2013/10/30,68.99,69.35,68.83,69.04,,,,,
2013/10/31,69.19,69.98,68.76,69.49,,,,,
2013/11/01,69.53,70,69.322,69.9,,,,,
2013/11/04,70.14,70.19,69.25,69.57,,,,,
2013/11/05,69.25,69.55,68.86,69.005,,,,,
2013/11/06,69.43,69.81,68.67,69.74,,,,,
2013/11/07,66.83,67.75,66.25,67.09,,,,,
2013/11/08,67.42,68.04,67.06,67.45,,,,,
2013/11/11,67.3,67.92,67.1782,67.62,,,,,
2013/11/12,67.54,68.57,67.54,68.51,,,,,
2013/11/13,68.99,70.03,68.55,70.03,,,,,
2013/11/14,69.98,71.48,69.85,71.22,,,,,
2013/11/15,71.34,72.18,71.1,72.17,,,,,
2013/11/18,72.28,72.3,71.715,71.94,,,,,
2013/11/19,72.18,72.43,71.73,71.84,,,,,
2013/11/20,71.95,72.4,70.91,71.03,,,,,
2013/11/21,70.4,71.81,70.4,71.71,,,,,
2013/11/22,71.91,73.09,71.87,72.96,,,,,
2013/11/25,71.09,72.53,70.96,72.49,,,,,
2013/11/26,72.69,73.65,72.59,73.65,,,,,
2013/11/27,73.24,73.585,72.81,73.56,,,,,
2013/11/29,73.52,73.89,73.26,73.58,,,,,
2013/12/02,73.53,73.87,73.235,73.44,,,,,
2013/12/03,73.19,73.46,72.93,73.31,,,,,
2013/12/04,73.02,73.5,72.85,73.18,,,,,
2013/12/05,73.01,73.43,72.9,73.23,,,,,
2013/12/06,73.6,73.97,73.1,73.76,,,,,
2013/12/09,73.88,74.19,72.94,73.37,,,,,
2013/12/10,73.3,73.84,73.09,73.38,,,,,
2013/12/11,74,74.11,72.96,73.01,,,,,
2013/12/12,73,73.42,72.49,72.73,,,,,
2013/12/13,73.45,73.46,72.53,72.58,,,,,
2013/12/16,73.22,73.255,72.5,72.79,,,,,
2013/12/17,72.66,72.98,72.26,72.92,,,,,
2013/12/18,72.7,73.21,71.68,73.18,,,,,
2013/12/19,73.15,73.3,72.13,72.43,,,,,
2013/12/20,72.41,73.0355,72.243,72.91,,,,,
2013/12/23,73.52,73.56,72.52,72.84,,,,,
2013/12/24,72.67,73.2499,72.64,73.04,,,,,
2013/12/26,73.05,73.68,73.05,73.48,,,,,
2013/12/27,73.75,74.017,73.655,73.8,,,,,
2013/12/30,73.66,73.9,73.5,73.57,,,,,
2013/12/31,73.76,74.32,73.64,74.25,,,,,
2014/01/02,73.61,73.77,73.255,73.32,,,,,
2014/01/03,73.33,73.48,72.44,72.89,,,,,
2014/01/06,73.08,73.2,72.55,72.7,,,,,
2014/01/07,72.8,73.31,72.6,73.24,,,,,
2014/01/08,73.15,73.68,72.68,73.68,,,,,
2014/01/09,74.037,74.1,73.68,73.91,,,,,
2014/01/10,74.11,74.5,73.17,73.87,,,,,
2014/01/13,73.78,74.27,72.83,73.22,,,,,
2014/01/14,72.37,73.7,72.37,73.39,,,,,
2014/01/15,73.47,74.69,73.4,74.51,,,,,
2014/01/16,74.47,74.88,74.01,74.72,,,,,
2014/01/17,74.7,74.98,74.43,74.73,,,,,
2014/01/21,75,75.57,74.86,75.46,,,,,
2014/01/22,75.5,75.86,75.12,75.78,,,,,
2014/01/23,75.49,75.9,75.16,75.87,,,,,
2014/01/24,75.29,75.44,74.06,74.08,,,,,
2014/01/27,74.01,74.36,72.74,73.2,,,,,
2014/01/28,72,73.14,71.75,71.99,,,,,
2014/01/29,71.4,72.08,70.98,71.12,,,,,
2014/01/30,72.65,73.395,71.97,73.26,,,,,
2014/01/31,72.68,74.49,72.62,74.22,,,,,
2014/02/03,73.67,73.95,72.93,73.32,,,,,
2014/02/04,73.4,73.45,72.275,72.51,,,,,
2014/02/05,72.1,72.66,72.03,72.37,,,,,
2014/02/06,72.74,73.33,72.324,73.24,,,,,
2014/02/07,73.4,74.47,73.2,74.41,,,,,
2014/02/10,74.2,74.73,73.8902,74.69,,,,,
2014/02/11,74.81,75.73,74.53,75.62,,,,,
2014/02/12,75.66,76.65,75.66,76.42,,,,,
2014/02/13,76,76.75,76,76.44,,,,,
2014/02/14,76.01,76.42,75.82,76.28,,,,,
2014/02/18,76.25,76.25,75.53,75.6,,,,,
2014/02/19,75.37,75.985,75.11,75.77,,,,,
2014/02/20,75.96,76.2,75.68,75.95,,,,,
2014/02/21,76.18,76.545,75.57,75.61,,,,,
2014/02/24,75.97,75.99,75.3923,75.43,,,,,
2014/02/25,75.62,75.88,74.74,74.91,,,,,
2014/02/26,75.15,75.5,74.9,75.05,,,,,
2014/02/27,74.89,75.26,74.5,75.19,,,,,
2014/02/28,75.41,75.43,74.85,75.29,,,,,
2014/03/03,74.62,74.64,73.04,73.63,,,,,
2014/03/04,75.5,76.79,75.35,76.11,,,,,
2014/03/05,76.44,76.96,75.79,76.67,,,,,
2014/03/06,77,77.18,76.5411,77,,,,,
2014/03/07,77.1,77.2,76.44,76.79,,,,,
2014/03/10,76.79,77.07,76.55,77.07,,,,,
2014/03/11,77.09,77.2,76.58,76.71,,,,,
2014/03/12,76.59,77.14,76.31,76.97,,,,,
2014/03/13,77,77.12,75.385,75.63,,,,,
2014/03/14,75.23,75.91,74.5,74.74,,,,,
2014/03/17,75.72,77.31,75.53,77.02,,,,,
2014/03/18,77.19,77.75,76.9,77.45,,,,,
2014/03/19,77.22,77.57,76.415,76.805,,,,,
2014/03/20,76.78,78.37,76.7,78.1,,,,,
2014/03/21,79.03,79.03,77.51,78.19,,,,,
2014/03/24,78.44,78.7,77.31,77.74,,,,,
2014/03/25,78.13,78.76,77.99,78.56,,,,,
2014/03/26,78.82,79.62,78.31,78.31,,,,,
2014/03/27,78.42,79.72,78.31,79.05,,,,,
2014/03/28,79.5,79.5,78.1,79.28,,,,,
2014/03/31,79.49,79.61,78.81,78.86,,,,,
2014/04/01,79.42,80.16,78.99,80.1,,,,,
2014/04/02,79.98,80.26,79.75,80.14,,,,,
2014/04/03,80.21,81.3,80.21,80.55,,,,,
2014/04/04,81.09,81.358,78.46,78.53,,,,,
2014/04/07,78,79.26,77.6,78.08,,,,,
2014/04/08,77.71,78.94,77.48,78.89,,,,,
2014/04/09,79.26,79.94,78.85,79.93,,,,,
2014/04/10,80.1,80.3,77.85,78.07,,,,,
2014/04/11,77.53,78.9167,77.53,78.01,,,,,
2014/04/14,78.7,79.2,78.03,79.14,,,,,
2014/04/15,78.99,79.935,78.5,79.49,,,,,
2014/04/16,79.99,80.28,79.42,80.18,,,,,
2014/04/17,80.14,81.34,80.04,81.32,,,,,
2014/04/21,81.19,81.66,80.56,80.93,,,,,
2014/04/22,81.17,81.34,80.58,80.61,,,,,
2014/04/23,81,81,80.16,80.71,,,,,
2014/04/24,77.5,78.62,76.77,77.87,,,,,
2014/04/25,77.59,77.88,77.3304,77.61,,,,,
2014/04/28,78,78.6,77.37,78.05,,,,,
2014/04/29,78.64,79.01,78.23,78.52,,,,,
2014/04/30,78.56,78.86,78.14,78.71,,,,,
2014/05/01,78.53,79.49,78.53,78.99,,,,,
2014/05/02,79.3,79.3,78.5,78.99,,,,,
2014/05/05,78.76,79.92,78.51,79.56,,,,,
2014/05/06,79.23,79.63,78.75,79.31,,,,,
2014/05/07,79.72,79.93,78.4301,79.325,,,,,
2014/05/08,79.34,80.09,78.96,79.5,,,,,
2014/05/09,79.94,79.94,78.58,79.5,,,,,
2014/05/12,79.72,80.12,79.62,79.97,,,,,
2014/05/13,79.92,80.39,79.78,80.37,,,,,
2014/05/14,79.83,80.99,79.83,80.41,,,,,
2014/05/15,80.34,80.81,79.18,79.78,,,,,
2014/05/16,79.7,79.77,78.76,79.42,,,,,
2014/05/19,79.22,79.99,79.2,79.81,,,,,
2014/05/20,79.95,80.35,79.52,79.86,,,,,
2014/05/21,79.17,79.98,79.12,79.67,,,,,
2014/05/22,79.48,79.92,79.43,79.56,,,,,
2014/05/23,79.98,79.99,79.49,79.88,,,,,
2014/05/27,79.93,80.5,79.9,80.46,,,,,
2014/05/28,80.2,80.74,80.16,80.22,,,,,
2014/05/29,80.58,80.58,79.88,80.19,,,,,
2014/05/30,80.33,80.53,79.92,80.45,,,,,
2014/06/02,80.66,80.79,80.04,80.48,,,,,
2014/06/03,80.18,80.68,79.96,80.4,,,,,
2014/06/04,80.32,80.3897,79.7,79.92,,,,,
2014/06/05,79.83,79.93,79.15,79.66,,,,,
2014/06/06,80.2,80.5,79.8,80.38,,,,,
2014/06/09,80.28,80.47,79.7,79.95,,,,,
2014/06/10,79.96,79.96,79.14,79.18,,,,,
2014/06/11,79,79.5,78.44,79.21,,,,,
2014/06/12,79.13,79.76,78.81,79.34,,,,,
2014/06/13,79.46,79.82,78.93,79.11,,,,,
2014/06/16,78.83,79.39,78.45,78.65,,,,,
2014/06/17,78.43,79.42,78.4,79.16,,,,,
2014/06/18,79.68,79.68,78.63,79.19,,,,,
2014/06/19,79.3,79.8,79.19,79.75,,,,,
2014/06/20,79.98,79.985,79.44,79.86,,,,,
2014/06/23,79.63,79.99,79.32,79.43,,,,,
2014/06/24,79.31,79.87,78.68,78.78,,,,,
2014/06/25,78.5,78.55,77.91,78.05,,,,,
2014/06/26,78.4,79.13,78.08,78.77,,,,,
2014/06/27,78.57,79.04,78.18,78.99,,,,,
2014/06/30,79.15,79.39,78.65,79.2,,,,,
2014/07/01,79.35,79.82,78.93,79.73,,,,,
2014/07/02,79.81,80.43,79.7,80.17,,,,,
2014/07/03,80.5,81.279,80.09,80.99,,,,,
2014/07/07,80.67,80.95,80.21,80.82,,,,,
2014/07/08,80.63,80.855,80.42,80.65,,,,,
2014/07/09,81.11,81.11,80.375,80.77,,,,,
2014/07/10,79.93,80.68,79.8,80.43,,,,,
2014/07/11,79.9,80.2,79.15,79.6,,,,,
2014/07/14,79.44,79.78,79.38,79.52,,,,,
2014/07/15,79.39,79.91,79.15,79.44,,,,,
2014/07/16,79.72,79.94,79.58,79.62,,,,,
2014/07/17,79.11,79.21,77.88,78.11,,,,,
2014/07/18,78.55,79.43,78.25,79.39,,,,,
2014/07/21,79.41,79.97,79.11,79.67,,,,,
2014/07/22,80.09,81.87,79.99,81.53,,,,,
2014/07/23,81.89,81.97,81.42,81.6,,,,,
2014/07/24,77.6,77.63,75.66,76.172,,,,,
2014/07/25,76,76.58,75.82,76.1,,,,,
2014/07/28,76.1,76.25,75.53,75.83,,,,,
2014/07/29,75.65,75.95,75.26,75.31,,,,,
2014/07/30,75.68,76.23,75.15,76.04,,,,,
2014/07/31,75.39,75.6,73.65,73.72,,,,,
2014/08/01,73.67,73.845,71.82,72.55,,,,,
2014/08/04,72.87,73.47,72.83,73.26,,,,,
2014/08/05,73.2,73.35,72.56,72.75,,,,,
2014/08/06,72.42,73.15,72.16,72.89,,,,,
2014/08/07,73.28,73.35,72.34,72.49,,,,,
2014/08/08,72.72,73.96,72.5,73.88,,,,,
2014/08/11,74.2,74.98,73.92,74.73,,,,,
2014/08/12,74.86,74.93,73.9,74.14,,,,,
2014/08/13,74.58,74.65,74.04,74.5,,,,,
2014/08/14,74.76,74.99,74.6,74.76,,,,,
2014/08/15,75.13,75.13,73.985,74.41,,,,,
2014/08/18,74.83,75.1,74.615,75.03,,,,,
2014/08/19,75.05,75.22,74.91,75.13,,,,,
2014/08/20,74.55,76.64,74.55,76.439,,,,,
2014/08/21,76.61,77.31,76.45,76.77,,,,,
2014/08/22,76.71,77.22,76.71,76.82,,,,,
2014/08/25,77.17,77.3,76.3353,76.59,,,,,
2014/08/26,76.82,77.1,76.2601,77.01,,,,,
2014/08/27,77.15,77.19,76.49,76.97,,,,,
2014/08/28,76.69,76.9,76.31,76.34,,,,,
2014/08/29,76.6,76.6,75.76,76.1,,,,,
2014/09/02,75.92,76.08,74.75,75.06,,,,,
2014/09/03,75.47,75.72,74.82,74.89,,,,,
2014/09/04,75.22,75.55,74.62,75.11,,,,,
2014/09/05,75,75.85,74.89,75.81,,,,,
2014/09/08,75.49,76.2425,75.49,75.9,,,,,
2014/09/09,75.9,76.11,75.51,75.84,,,,,
2014/09/10,75.8,76.25,75.76,75.93,,,,,
2014/09/11,75.58,76.12,75.2,76.11,,,,,
2014/09/12,75.8,75.855,75.21,75.33,,,,,
2014/09/15,75.5,75.58,74.99,75.08,,,,,
2014/09/16,75.08,75.965,74.9,75.71,,,,,
2014/09/17,75.66,76.17,75.2802,75.83,,,,,
2014/09/18,75.91,76.45,75.83,76.44,,,,,
2014/09/19,77,77,75.39,75.53,,,,,
2014/09/22,75.49,76.34,75.28,76.29,,,,,
2014/09/23,76.23,76.57,75.81,75.83,,,,,
2014/09/24,75.65,76.24,75.42,76.24,,,,,
2014/09/25,76.03,76.17,74.72,74.81,,,,,
2014/09/26,74.59,75.13,74.17,75.06,,,,,
2014/09/29,74.63,75.08,74.16,74.82,,,,,
2014/09/30,74.715,75.09,74.11,74.77,,,,,
2014/10/01,74.64,74.81,73.84,73.88,,,,,
2014/10/02,74.14,74.14,73.16,73.655,,,,,
2014/10/03,73.88,75.2,73.87,74.86,,,,,
2014/10/06,75,75.34,74.31,74.725,,,,,
2014/10/07,74.23,74.43,73.48,73.51,,,,,
2014/10/08,73.44,75.44,73.22,75.19,,,,,
2014/10/09,75.22,75.3,73.95,74.08,,,,,
2014/10/10,73.52,73.94,71.2,71.22,,,,,
2014/10/13,71.18,72.5,70.25,70.71,,,,,
2014/10/14,71.75,72.7,71.33,71.86,,,,,
2014/10/15,71.1,72.63,70.265,71.2,,,,,
2014/10/16,69.84,71.8899,69.36,71.14,,,,,
2014/10/17,72.05,72.88,71.54,72.43,,,,,
2014/10/20,72.05,73.3,72,73.27,,,,,
2014/10/21,73.93,75.11,73.83,74.995,,,,,
2014/10/22,75.01,75.1,74.25,74.3,,,,,
2014/10/23,75,75.4,74.74,75.14,,,,,
2014/10/24,75.42,76.01,74.91,76,,,,,
2014/10/27,75.86,76.03,75.27,75.84,,,,,
2014/10/28,76.19,76.62,75.99,76.57,,,,,
2014/10/29,76.5,77.38,76.31,76.89,,,,,
2014/10/30,76.65,77.59,76.53,77.37,,,,,
2014/10/31,78.53,78.53,77.69,78.51,,,,,
2014/11/03,78.31,78.53,77.96,78.24,,,,,
2014/11/04,77.49,77.72,76.4035,77.11,,,,,
2014/11/05,77.46,77.47,76.415,77.2,,,,,
2014/11/06,71.03,71.07,67.67,70.58,,,,,
2014/11/07,70.7,70.7,69.13,69.26,,,,,
2014/11/10,68.91,70.03,68.49,69.36,,,,,
2014/11/11,69.71,69.85,69.03,69.64,,,,,
2014/11/12,69.62,70.45,69.285,70.29,,,,,
2014/11/13,70.21,70.83,70.19,70.65,,,,,
2014/11/14,71.01,71.21,70.55,70.85,,,,,
2014/11/17,70.62,70.84,70.185,70.4,,,,,
2014/11/18,70.24,72.06,70.24,72.01,,,,,
2014/11/19,71.59,71.84,70.36,70.47,,,,,
2014/11/20,70.115,70.84,69.6,70.71,,,,,
2014/11/21,71.1,71.82,70.69,71.47,,,,,
2014/11/24,71.7,71.9399,71.18,71.695,,,,,
2014/11/25,71.73,72.28,71.61,72.27,,,,,
2014/11/26,71.66,72.35,71.6207,72.26,,,,,
2014/11/28,72.51,73,72.07,72.9,,,,,
2014/12/01,72.46,72.66,71.285,71.79,,,,,
2014/12/02,71.81,73.49,71.35,73.32,,,,,
2014/12/03,73.63,74.84,73.44,74.37,,,,,
2014/12/04,74.24,74.34,72.93,73.34,,,,,
2014/12/05,73.01,73.9099,73.01,73.37,,,,,
2014/12/08,73.22,73.51,72.21,72.61,,,,,
2014/12/09,71.96,73.205,71.86,73.005,,,,,
2014/12/10,72.82,73,71.21,71.5,,,,,
2014/12/11,71.73,72.77,71.565,71.99,,,,,
2014/12/12,71.63,71.81,70.58,70.585,,,,,
2014/12/15,70.85,71.42,69.59,70.37,,,,,
2014/12/16,70.21,71.78,70.08,70.31,,,,,
2014/12/17,70.42,72.37,70.14,72.21,,,,,
2014/12/18,73.28,73.36,72.61,73.36,,,,,
2014/12/19,73.29,73.73,73.17,73.43,,,,,
2014/12/22,73.58,74.655,73.45,74.56,,,,,
2014/12/23,74.61,75.12,74.48,74.6,,,,,
2014/12/24,74.69,75.15,74.64,74.66,,,,,
2014/12/26,75.09,75.72,75,75.62,,,,,
2014/12/29,75,75.6,74.83,74.985,,,,,
2014/12/30,74.75,75.37,74.7,75.02,,,,,
2014/12/31,75.21,75.41,74.31,74.33,,,,,
2015/01/02,74.51,74.8699,73.75,74.28,,,,,
2015/01/05,73.71,74.5,73.63,73.93,,,,,
2015/01/06,73.86,74.61,72.74,72.88,,,,,
2015/01/07,73.37,74.47,72.96,73.73,,,,,
2015/01/08,74.3,75.3,74.14,74.505,,,,,
2015/01/09,74.57,74.87,73.64,74.42,,,,,
2015/01/12,74.14,74.3799,72.88,73.57,,,,,
2015/01/13,73.96,75.05,72.55,72.97,,,,,
2015/01/14,72.46,73,71.44,72.22,,,,,
2015/01/15,72.26,72.59,71.045,71.38,,,,,
2015/01/16,70.85,71.43,70.12,71.29,,,,,
2015/01/20,71.75,73.21,71.18,72.48,,,,,
2015/01/21,70.28,72.61,69.95,71.59,,,,,
2015/01/22,71.86,72.09,70.84,71.905,,,,,
2015/01/23,72.01,72.35,71.43,72.175,,,,,
2015/01/26,72.17,72.9,71.715,72.61,,,,,
2015/01/27,71.9,72.495,70.945,71.77,,,,,
2015/01/28,72.5,72.5,70.85,70.99,,,,,
2015/01/29,65.51,65.69,62.47,63.69,,,,,
2015/01/30,63.04,64.01,62.39,62.46,,,,,
2015/02/02,62.49,65.9299,62.26,65.53,,,,,
2015/02/03,65.78,67.04,65.48,66.96,,,,,
2015/02/04,66.59,67.71,66.12,66.96,,,,,
2015/02/05,67.17,67.99,66.79,67.95,,,,,
2015/02/06,67.81,67.95,66.07,66.35,,,,,
2015/02/09,68.16,68.96,66.96,67.11,,,,,
2015/02/10,69.09,70.455,68.83,70.26,,,,,
2015/02/11,70.57,70.9518,70,70.21,,,,,
2015/02/12,69.58,70.39,69.56,70.39,,,,,
2015/02/13,70.49,70.93,70.27,70.88,,,,,
2015/02/17,70.76,70.91,70.46,70.8,,,,,
2015/02/18,70.34,70.88,70.11,70.54,,,,,
2015/02/19,70.23,71.27,70.21,70.98,,,,,
2015/02/20,70.83,71.72,70.59,71.52,,,,,
2015/02/23,71.26,71.55,70.36,70.94,,,,,
2015/02/24,70.74,71.47,70.37,71.37,,,,,
2015/02/25,71.01,72.23,71.01,71.68,,,,,
2015/02/26,71.87,72.2699,71.61,72.01,,,,,
2015/02/27,71.81,72.57,71.2,72.51,,,,,
2015/03/02,71.8,72.9,71.61,72.655,,,,,
2015/03/03,72.01,72.49,71.35,71.405,,,,,
2015/03/04,71.1,71.5,70.561,70.845,,,,,
2015/03/05,71.2,71.27,70.685,70.93,,,,,
2015/03/06,70.56,71.69,70.51,71.505,,,,,
2015/03/09,71.64,72.87,71.64,72.705,,,,,
2015/03/10,73.87,74.09,71.86,71.885,,,,,
2015/03/11,71.52,71.7199,70.24,70.27,,,,,
2015/03/12,70,70.55,69.2,69.37,,,,,
2015/03/13,69.012,69.64,68.32,68.64,,,,,
2015/03/16,69.14,70.03,68.91,70,,,,,
2015/03/17,69.44,70.17,69.21,69.815,,,,,
2015/03/18,69.6,70.49,69.06,70.23,,,,,
2015/03/19,70.23,70.59,69.78,69.83,,,,,
2015/03/20,70.2,70.61,69.79,70.04,,,,,
2015/03/23,69.92,70.585,69.81,70.065,,,,,
2015/03/24,69.99,70.2299,68.97,68.975,,,,,
2015/03/25,68.86,68.87,67.2,67.21,,,,,
2015/03/26,66.54,67.45,65.68,67.155,,,,,
2015/03/27,67.22,67.93,66.75,67.025,,,,,
2015/03/30,67.74,69,67.46,68.88,,,,,
2015/03/31,68.16,69.54,68.16,69.34,,,,,
2015/04/01,68.47,69.47,68.4505,69.43,,,,,
2015/04/02,69.52,69.61,67.76,67.97,,,,,
2015/04/06,66.19,67.96,66.18,67.76,,,,,
2015/04/07,67.72,68.12,67.26,67.315,,,,,
2015/04/08,66.94,67.59,66.93,67.26,,,,,
2015/04/09,67.42,69.09,67.31,68.81,,,,,
2015/04/10,68.67,69.2,68.47,69.16,,,,,
2015/04/13,71.23,71.9,68.64,68.73,,,,,
2015/04/14,69.16,69.2,68.6,68.97,,,,,
2015/04/15,69.29,69.5,68.19,68.46,,,,,
2015/04/16,68.16,68.25,67.73,67.91,,,,,
2015/04/17,67.49,67.95,66.96,67.115,,,,,
2015/04/20,67.25,68.8,67.19,68.64,,,,,
2015/04/21,68.84,68.94,68.38,68.57,,,,,
2015/04/22,68.76,69.205,68.25,68.94,,,,,
2015/04/23,67.35,68.43,66.96,68.34,,,,,
2015/04/24,68.03,68.32,67.67,68.24,,,,,
2015/04/27,68.77,69.68,68.61,69.23,,,,,
2015/04/28,69.04,69.82,69.01,69.65,,,,,
2015/04/29,69.19,69.34,68,68.67,,,,,
2015/04/30,68.33,68.59,67.61,68,,,,,
2015/05/01,68.31,68.5402,67.955,68.42,,,,,
2015/05/04,68.45,69.36,68.22,69.055,,,,,
2015/05/05,68.85,69,68.1295,68.37,,,,,
2015/05/06,68.2,68.85,67.5,67.81,,,,,
2015/05/07,67.8,68.45,67.79,68.43,,,,,
2015/05/08,68.85,69.41,68.55,69.41,,,,,
2015/05/11,69.17,69.35,68.82,69.05,,,,,
2015/05/12,68.7,69.02,68.1001,68.785,,,,,
2015/05/13,69.23,70.5,69,69.73,,,,,
2015/05/14,69.99,70.66,69.8101,70.52,,,,,
2015/05/15,70.61,71.09,70.43,71.06,,,,,
2015/05/18,70.99,71.13,70.25,70.42,,,,,
2015/05/19,70.33,70.42,69.47,69.62,,,,,
2015/05/20,69.8,69.84,69.22,69.28,,,,,
2015/05/21,69.63,70.95,69.03,70.09,,,,,
2015/05/22,69.57,69.9399,69.44,69.51,,,,,
2015/05/26,69.53,69.62,68.75,69.36,,,,,
2015/05/27,69.4,71.14,69.1,71.02,,,,,
2015/05/28,70.95,71.318,70.51,70.6,,,,,
2015/05/29,70.69,70.9,69.6,69.68,,,,,
2015/06/01,69.51,69.9,69.11,69.415,,,,,
2015/06/02,69.36,69.66,69.06,69.35,,,,,
2015/06/03,69.8,70.05,69.45,69.86,,,,,
2015/06/04,69.36,69.51,68.76,68.9,,,,,
2015/06/05,68.96,68.96,68.22,68.255,,,,,
2015/06/08,68.03,68.2,67.25,67.275,,,,,
2015/06/09,67.38,67.47,66.77,66.84,,,,,
2015/06/10,66.91,67.69,66.91,67.31,,,,,
2015/06/11,67.59,67.81,67.385,67.6,,,,,
2015/06/12,67.06,67.55,66.79,67.025,,,,,
2015/06/15,66.54,66.845,66.06,66.625,,,,,
2015/06/16,66.45,66.63,65.93,66.46,,,,,
2015/06/17,66.69,67.08,66.08,66.55,,,,,
2015/06/18,66.72,67.665,66.67,67.36,,,,,
2015/06/19,67.41,67.51,66.64,66.88,,,,,
2015/06/22,67.04,67.63,67,67.365,,,,,
2015/06/23,67.54,67.62,66.76,66.98,,,,,
2015/06/24,67.08,67.13,65.29,65.35,,,,,
2015/06/25,65.51,65.87,65.024,65.26,,,,,
2015/06/26,65.38,65.56,64.6,64.67,,,,,
2015/06/29,63.4,64.03,62.58,62.62,,,,,
2015/06/30,62.75,63.15,62.45,62.63,,,,,
2015/07/01,63.1,63.28,62.01,62.9,,,,,
2015/07/02,63.01,63.65,62.99,63.11,,,,,
2015/07/06,62.66,63.5498,62.65,63.11,,,,,
2015/07/07,63.27,63.38,61.48,62.8,,,,,
2015/07/08,62.45,62.6,61.7,61.91,,,,,
2015/07/09,62.85,63.43,61.85,61.86,,,,,
2015/07/10,62.41,63.07,61.86,62.73,,,,,
2015/07/13,63,63.7,63,63.43,,,,,
2015/07/14,63.62,64.2799,63.45,63.94,,,,,
2015/07/15,63.31,64.2,63.3,63.88,,,,,
2015/07/16,63.45,64.68,63.38,64.55,,,,,
2015/07/17,64.11,64.65,64.01,64.34,,,,,
2015/07/20,64.63,64.63,63.74,63.79,,,,,
2015/07/21,64.61,66.05,64.45,65.14,,,,,
2015/07/22,64.5,64.97,64.05,64.19,,,,,
2015/07/23,62.57,62.78,60.83,61.78,,,,,
2015/07/24,61.86,62.2,61.31,61.64,,,,,
2015/07/27,61.98,62.5,61.51,61.98,,,,,
2015/07/28,62.34,63.41,62.215,63.1,,,,,
2015/07/29,63.08,63.56,62.745,63.17,,,,,
2015/07/30,62.99,64.78,62.8,64.41,,,,,
2015/07/31,64.66,64.95,64.23,64.39,,,,,
2015/08/03,64.35,64.71,64.08,64.43,,,,,
2015/08/04,64.41,64.82,63.22,63.45,,,,,
2015/08/05,63.66,64.49,63.5,63.88,,,,,
2015/08/06,63.75,64.11,62.65,62.84,,,,,
2015/08/07,62.76,63.425,62.6,63.02,,,,,
2015/08/10,62.5,63.33,62.5,63.15,,,,,
2015/08/11,62.57,63.06,62.34,62.55,,,,,
2015/08/12,62.4,62.67,61.602,62.58,,,,,
2015/08/13,62.5,62.6,61.95,62.03,,,,,
2015/08/14,61.79,62.55,61.79,61.91,,,,,
2015/08/17,61.5,62.11,61.48,62.07,,,,,
2015/08/18,61.57,61.8458,61.3,61.32,,,,,
2015/08/19,60.89,61.62,60.71,61.18,,,,,
2015/08/20,60.85,61.34,60.15,60.15,,,,,
2015/08/21,59.69,60.1,57.56,57.61,,,,,
2015/08/24,54.18,57.805,52.59,55.28,,,,,
2015/08/25,56.62,56.9185,53.74,53.88,,,,,
2015/08/26,55.5,56.74,54.85,56.66,,,,,
2015/08/27,57.07,57.4498,56.17,57.36,,,,,
2015/08/28,57.15,57.76,57.03,57.45,,,,,
2015/08/31,56.57,57.26,56.35,56.58,,,,,
2015/09/01,55.25,55.911,54.69,55.02,,,,,
2015/09/02,55.63,55.88,55.009,55.86,,,,,
2015/09/03,56.22,56.76,55.47,55.55,,,,,
2015/09/04,54.94,55.1,54.14,54.29,,,,,
2015/09/08,55.11,55.35,54.77,55.2,,,,,
2015/09/09,55.85,55.89,54.16,54.32,,,,,
2015/09/10,54.5,55.81,54.28,55.33,,,,,
2015/09/11,55.05,55.155,54.35,54.66,,,,,
2015/09/14,54.75,54.98,54.07,54.31,,,,,
2015/09/15,54.82,55.165,54.355,54.87,,,,,
2015/09/16,54.81,55.5253,54.68,55.2,,,,,
2015/09/17,55.19,55.91,54.85,54.98,,,,,
2015/09/18,54.25,54.96,54.02,54.45,,,,,
2015/09/21,54.63,54.73,54,54.39,,,,,
2015/09/22,53.78,54.23,53.58,53.94,,,,,
2015/09/23,54.15,54.15,53.37,53.56,,,,,
2015/09/24,53.18,53.53,52.39,53.27,,,,,
2015/09/25,53.95,54,52.96,53.22,,,,,
2015/09/28,53.05,53.27,52.52,52.54,,,,,
2015/09/29,52.5,52.91,52.17,52.43,,,,,
2015/09/30,52.99,53.81,52.895,53.73,,,,,
2015/10/01,53.6,53.82,53,53.18,,,,,
2015/10/02,53.07,55.15,53,55.07,,,,,
2015/10/05,55.58,56.49,55.57,56.23,,,,,
2015/10/06,56,56.52,55.42,56.32,,,,,
2015/10/07,56.56,57.35,56.04,56.61,,,,,
2015/10/08,56.49,57.675,56.32,57.66,,,,,
2015/10/09,57.87,58.12,57.37,57.78,,,,,
2015/10/12,57.63,58.08,57.47,57.79,,,,,
2015/10/13,57.19,58.08,57.02,57.51,,,,,
2015/10/14,57.52,59.14,57.51,58.63,,,,,
2015/10/15,59,59.91,58.655,59.26,,,,,
2015/10/16,59.48,60,58.91,59.91,,,,,
2015/10/19,59.46,59.63,58.61,59.1,,,,,
2015/10/20,58.68,59.205,58.68,59,,,,,
2015/10/21,59.28,59.77,58.89,58.97,,,,,
2015/10/22,59.49,60.64,59.49,60.43,,,,,
2015/10/23,60.63,61.19,60.49,60.725,,,,,
2015/10/26,60.91,60.91,58.7,59.21,,,,,
2015/10/27,58.91,59.35,58.77,59.28,,,,,
2015/10/28,59.33,60.3,59.23,60.265,,,,,
2015/10/29,59.67,60.23,59.58,60,,,,,
2015/10/30,60.12,60.2,59.42,59.42,,,,,
2015/11/02,59.7,60.76,59.51,60.64,,,,,
2015/11/03,60.4,61.18,60.26,60.87,,,,,
2015/11/04,60.89,61.01,60.07,60.26,,,,,
2015/11/05,56.73,56.81,49.92,51.07,,,,,
2015/11/06,51.63,53.7,51.625,53.42,,,,,
2015/11/09,52.88,53.35,52.62,52.94,,,,,
2015/11/10,52.53,52.99,51.95,52.27,,,,,
2015/11/11,52.6,53.24,52.37,52.85,,,,,
2015/11/12,52.75,53.19,52.52,52.58,,,,,
2015/11/13,52.3,52.75,51.82,51.94,,,,,
2015/11/16,51.96,52.86,51.96,52.77,,,,,
2015/11/17,52.7,53.55,52.57,52.98,,,,,
2015/11/18,51.94,51.94,47.52,48,,,,,
2015/11/19,48.51,49.28,48.23,48.39,,,,,
2015/11/20,48.8,49.77,48.5,49.62,,,,,
2015/11/23,49.09,49.58,48.76,48.965,,,,,
2015/11/24,49.03,49.73,48.86,49.41,,,,,
2015/11/25,49.41,49.65,48.85,49.1,,,,,
2015/11/27,48.67,48.85,48.47,48.54,,,,,
2015/11/30,48.6,48.86,48.3,48.79,,,,,
2015/12/01,48.75,49.32,48.6,49.3,,,,,
2015/12/02,51.905,53.44,51.8,51.85,,,,,
2015/12/03,52.16,52.24,50.37,51.4,,,,,
2015/12/04,52.09,52.57,51.41,52.34,,,,,
2015/12/07,52.31,52.54,51.89,52.43,,,,,
2015/12/08,50.63,50.96,49.305,49.48,,,,,
2015/12/09,49.64,49.9799,48.42,48.59,,,,,
2015/12/10,48.65,49.57,48.471,48.57,,,,,
2015/12/11,48.2,48.36,47.34,47.46,,,,,
2015/12/14,47.41,47.96,45.93,46.83,,,,,
2015/12/15,47.71,48.81,46.8,48.02,,,,,
2015/12/16,48.25,48.6,47.15,48.07,,,,,
2015/12/17,49.32,49.6,47.54,47.54,,,,,
2015/12/18,47.37,48.04,47.02,47.43,,,,,
2015/12/21,47.61,48.925,47.54,48.76,,,,,
2015/12/22,48.53,49.19,48.43,49.065,,,,,
2015/12/23,49.24,49.52,48.9,49.04,,,,,
2015/12/24,49,49.875,49,49.55,,,,,
2015/12/28,49.45,49.81,49.23,49.58,,,,,
2015/12/29,50.28,51.25,50.07,50.88,,,,,
2015/12/30,50.88,51.25,50.36,50.41,,,,,
2015/12/31,50.06,50.439,49.89,49.985,,,,,
2016/01/04,49.43,50.175,48.91,50.12,,,,,
2016/01/05,50.46,50.6,49.07,49.14,,,,,
2016/01/06,48.36,48.66,47.76,48.64,,,,,
2016/01/07,47.78,48,45.98,46.14,,,,,
2016/01/08,46.81,46.85,45.84,45.875,,,,,
2016/01/11,46.36,46.53,45.33,46.07,,,,,
2016/01/12,46.45,46.68,45.62,46.52,,,,,
2016/01/13,47.22,47.97,46.07,46.1,,,,,
2016/01/14,46.21,48.005,45.84,47.73,,,,,
2016/01/15,46.04,46.51,45.13,45.82,,,,,
2016/01/19,46.5,46.58,45.47,46.09,,,,,
2016/01/20,45.5,46.18,44.39,45.93,,,,,
2016/01/21,46.36,47.4401,45.71,47.05,,,,,
2016/01/22,47.81,48.28,47.44,48.07,,,,,
2016/01/25,47.97,48.39,47.52,47.58,,,,,
2016/01/26,47.6,48.85,47.52,48.52,,,,,
2016/01/27,48,48.58,47.16,47.53,,,,,
2016/01/28,45.8,45.82,43.47,43.59,,,,,
2016/01/29,44.05,45.35,43.67,45.34,,,,,
2016/02/01,44.71,46.41,44.39,46.11,,,,,
2016/02/02,45.18,45.4,42.88,43.15,,,,,
2016/02/03,43.6,45,43.31,44.73,,,,,
2016/02/04,44.62,45.76,44.38,45.66,,,,,
2016/02/05,45.45,45.6,43.765,44.02,,,,,
2016/02/08,43.51,44.16,42.83,43.89,,,,,
2016/02/09,43.65,44.06,43.165,43.61,,,,,
2016/02/10,44,44.5198,42.9,42.96,,,,,
2016/02/11,42.51,43.29,42.24,43,,,,,
2016/02/12,43.35,44.76,43.08,44.56,,,,,
2016/02/16,45.6,46.83,45.4,46.73,,,,,
2016/02/17,47.05,48.53,47.01,48.41,,,,,
2016/02/18,48.41,49.31,48.02,49.08,,,,,
2016/02/19,49.04,50.04,48.76,49.42,,,,,
2016/02/22,50.08,51.29,50.07,51.28,,,,,
2016/02/23,51,51,50.11,50.42,,,,,
2016/02/24,50,51.66,49.73,51.52,,,,,
2016/02/25,51.5,51.79,50.9,51.64,,,,,
2016/02/26,52,52,51.22,51.62,,,,,
2016/02/29,51.17,51.53,50.71,50.79,,,,,
2016/03/01,51.08,52.11,51.06,52.11,,,,,
2016/03/02,52.39,52.98,52.24,52.85,,,,,
2016/03/03,52.45,52.81,51.86,52.38,,,,,
2016/03/04,52.33,52.895,51.9,52.66,,,,,
2016/03/07,52.44,53.52,52.3633,53.3,,,,,
2016/03/08,52.89,53.21,51.98,52.46,,,,,
2016/03/09,52.41,52.52,51.74,51.95,,,,,
2016/03/10,51.91,52.37,51.17,52.02,,,,,
2016/03/11,52.59,52.6435,51.89,52.22,,,,,
2016/03/14,52.24,52.41,51.74,52.09,,,,,
2016/03/15,51.75,51.83,50.98,51.63,,,,,
2016/03/16,51.63,51.63,50.91,51.3,,,,,
2016/03/17,51.15,51.69,51.12,51.38,,,,,
2016/03/18,51.69,51.87,51.2327,51.59,,,,,
2016/03/21,51.6,52.35,51.51,52.21,,,,,
2016/03/22,51.84,52.32,51.79,52.02,,,,,
2016/03/23,52.12,52.1599,50.81,50.99,,,,,
2016/03/24,50.63,50.9,50.13,50.86,,,,,
2016/03/28,50.43,50.61,49.95,50.19,,,,,
2016/03/29,50,50.94,49.67,50.69,,,,,
2016/03/30,51.17,51.65,50.73,50.99,,,,,
2016/03/31,50.87,51.43,50.83,51.14,,,,,
2016/04/01,51.08,51.11,50.01,50.88,,,,,
2016/04/04,50.81,51.111,50.51,50.65,,,,,
2016/04/05,50.44,50.53,50,50.07,,,,,
2016/04/06,50.14,50.73,49.725,50.62,,,,,
2016/04/07,50.4,50.45,49.77,50.03,,,,,
2016/04/08,50.37,51.15,50.25,50.56,,,,,
2016/04/11,50.86,51.575,50.86,51,,,,,
2016/04/12,51.05,51.1,50.2,50.82,,,,,
2016/04/13,51.3,52.44,51.15,51.92,,,,,
2016/04/14,51.85,51.89,51.24,51.82,,,,,
2016/04/15,51.93,51.99,51.03,51.06,,,,,
2016/04/18,51.09,51.73,50.94,51.55,,,,,
2016/04/19,51.73,51.93,51.3,51.83,,,,,
2016/04/20,51.93,52.54,51.81,52.09,,,,,
2016/04/21,51.3,51.8,50.74,51.67,,,,,
2016/04/22,51.71,53.09,51.68,52.64,,,,,
2016/04/25,52.6,52.72,52.03,52.43,,,,,
2016/04/26,52.54,52.96,52.45,52.91,,,,,
2016/04/27,52.03,53.13,52.01,52.9,,,,,
2016/04/28,52.48,53.28,52.04,52.13,,,,,
2016/04/29,51.83,52,50.11,50.52,,,,,
2016/05/02,50.69,51.17,50.13,51.11,,,,,
2016/05/03,50.67,50.92,50.19,50.73,,,,,
2016/05/04,50.19,50.88,50.15,50.49,,,,,
2016/05/05,50.74,51.27,50.43,51.13,,,,,
2016/05/06,50.65,51.1218,50.38,50.92,,,,,
2016/05/09,51,51.6,50.79,51.2,,,,,
2016/05/10,51.26,52.23,50.97,52.15,,,,,
2016/05/11,51.83,52.53,51.69,52.15,,,,,
2016/05/12,52.33,52.53,51.36,51.51,,,,,
2016/05/13,51.46,52.08,51.105,51.32,,,,,
2016/05/16,51.32,52.17,51.12,51.91,,,,,
2016/05/17,51.74,52.28,51.5,51.99,,,,,
2016/05/18,52.07,53.34,52,52.79,,,,,
2016/05/19,52.71,53.08,52.26,52.76,,,,,
2016/05/20,52.97,54.58,52.87,54.52,,,,,
2016/05/23,54.2,54.86,54.15,54.18,,,,,
2016/05/24,54.42,55.62,54.4,55.59,,,,,
2016/05/25,55.7,56.27,55.69,55.98,,,,,
2016/05/26,55.97,56.14,55.51,55.74,,,,,
2016/05/27,55.33,55.39,55.02,55.27,,,,,
2016/05/31,55.39,55.43,54.82,54.92,,,,,
2016/06/01,54.5,54.97,54.45,54.79,,,,,
2016/06/02,54.65,54.92,54.285,54.88,,,,,
2016/06/03,54.99,55.0093,54.47,54.94,,,,,
2016/06/06,54.98,55.37,54.66,54.89,,,,,
2016/06/07,54.94,55.18,54.665,54.84,,,,,
2016/06/08,54.73,55.05,54.67,54.94,,,,,
2016/06/09,54.4,55.04,54.19,54.98,,,,,
2016/06/10,54.46,54.75,53.4,53.83,,,,,
2016/06/13,53.6,53.901,52.735,52.83,,,,,
2016/06/14,52.66,53.25,52.47,52.7,,,,,
2016/06/15,53.05,53.56,52.67,53.28,,,,,
2016/06/16,52.97,53.47,52.48,53.42,,,,,
2016/06/17,53.73,53.82,53.104,53.55,,,,,
2016/06/20,54.17,54.66,53.86,53.89,,,,,
2016/06/21,54.25,54.25,53.595,53.88,,,,,
2016/06/22,53.9,54.97,53.9,54.04,,,,,
2016/06/23,54.85,55.57,54.57,55.55,,,,,
2016/06/24,53.01,53.82,52.12,52.12,,,,,
2016/06/27,52.29,52.29,50.84,51.14,,,,,
2016/06/28,51.7,52.555,51.53,52.51,,,,,
2016/06/29,53.06,53.84,52.75,53.55,,,,,
2016/06/30,52.9,53.57,52.46,53.57,,,,,
2016/07/01,52.99,53.39,52.84,53,,,,,
2016/07/05,52.95,52.97,51.89,51.94,,,,,
2016/07/06,51.57,52.53,51.16,52.37,,,,,
2016/07/07,52.58,53.38,52.41,52.93,,,,,
2016/07/08,53.49,54.33,53.32,54.19,,,,,
2016/07/11,53.96,54.71,53.94,54.115,,,,,
2016/07/12,54.45,54.74,54.21,54.62,,,,,
2016/07/13,54.91,55,54.6301,54.83,,,,,
2016/07/14,55.19,55.365,54.56,54.88,,,,,
2016/07/15,54.86,54.86,54.17,54.75,,,,,
2016/07/18,55.14,55.65,54.98,55.35,,,,,
2016/07/19,55.73,55.9,54.95,55.14,,,,,
2016/07/20,55.36,55.95,55.04,55.82,,,,,
2016/07/21,59.8,60.47,59.13,59.93,,,,,
2016/07/22,60.21,61.18,59.83,61.15,,,,,
2016/07/25,60.96,60.97,60.15,60.73,,,,,
2016/07/26,61,61.5,60.77,61.35,,,,,
2016/07/27,61.82,62.658,61.65,62.51,,,,,
2016/07/28,62.44,62.79,62.17,62.43,,,,,
2016/07/29,62.6,62.82,62.24,62.58,,,,,
2016/08/01,62.37,62.4,61.58,61.85,,,,,
2016/08/02,61.74,61.95,60.02,60.6,,,,,
2016/08/03,60.59,61.11,60.5,61.01,,,,,
2016/08/04,61.11,61.23,60.73,60.98,,,,,
2016/08/05,61.52,62.105,61.265,62,,,,,
2016/08/08,62.05,62.19,61.37,61.58,,,,,
2016/08/09,61.91,62.44,61.83,61.99,,,,,
2016/08/10,62,62.16,61.44,61.71,,,,,
2016/08/11,61.89,62.155,61.67,61.74,,,,,
2016/08/12,61.54,61.99,61.28,61.71,,,,,
2016/08/15,61.8,62.49,61.8,62.43,,,,,
2016/08/16,62.08,62.5,61.76,62.07,,,,,
2016/08/17,62.22,62.4,61.79,62.28,,,,,
2016/08/18,62.35,63.04,62.1775,63.04,,,,,
2016/08/19,62.61,62.84,62.01,62.76,,,,,
2016/08/22,62.7,62.87,62.35,62.83,,,,,
2016/08/23,63,63.69,62.83,63.09,,,,,
2016/08/24,62.92,63.24,62.47,62.61,,,,,
2016/08/25,62.67,62.96,62.58,62.64,,,,,
2016/08/26,62.89,63.51,62.65,62.97,,,,,
2016/08/29,62.42,63.085,62.37,62.98,,,,,
2016/08/30,63,63.51,62.71,62.94,,,,,
2016/08/31,62.98,63.12,62.53,63.07,,,,,
2016/09/01,62.87,63.5,62.51,63.47,,,,,
2016/09/02,63.53,63.7,63.09,63.35,,,,,
2016/09/06,63.12,63.39,62.88,63.09,,,,,
2016/09/07,63.19,63.25,62.32,62.43,,,,,
2016/09/08,62.03,62.81,62.005,62.69,,,,,
2016/09/09,62.01,62.29,60.5,60.52,,,,,
2016/09/12,60.23,62.27,59.93,62.25,,,,,
2016/09/13,61.82,62.2,60.94,61.29,,,,,
2016/09/14,61.29,61.95,61.04,61.59,,,,,
2016/09/15,61.95,62.67,61.55,62.54,,,,,
2016/09/16,62.88,63.44,62.37,62.99,,,,,
2016/09/19,63.13,63.39,62.76,62.86,,,,,
2016/09/20,63.27,63.3,62.53,62.7,,,,,
2016/09/21,63.1,63.64,62.91,63.57,,,,,
2016/09/22,63.71,64,63.36,63.52,,,,,
2016/09/23,63,63.57,62.67,62.75,,,,,
2016/09/26,62.49,62.56,61.86,62.31,,,,,
2016/09/27,62.53,63.36,62.44,63.31,,,,,
2016/09/28,63.23,63.69,63,63.45,,,,,
2016/09/29,63.28,68.83,62.712,67.45,,,,,
2016/09/30,68.4,70.4,68.15,68.5,,,,,
2016/10/03,68.08,69.28,66.87,67.11,,,,,
2016/10/04,67.7,67.7,66.56,66.68,,,,,
2016/10/05,66.84,67.42,66.55,66.84,,,,,
2016/10/06,66.8,69.32,66.23,67.54,,,,,
2016/10/07,67.53,68.33,67.49,68.19,,,,,
2016/10/10,68.34,68.58,67.06,67.25,,,,,
2016/10/11,67,67.09,65.45,66.09,,,,,
2016/10/12,66.49,66.49,65.06,66.06,,,,,
2016/10/13,65.55,66.06,64.3,65.7,,,,,
2016/10/14,65.94,66.59,65.45,65.7,,,,,
2016/10/17,65.53,65.71,65.09,65.19,,,,,
2016/10/18,66.18,66.22,65.57,66.1,,,,,
2016/10/19,65.88,66.065,65.305,65.79,,,,,
2016/10/20,65.48,68.17,65.48,67.34,,,,,
2016/10/21,67.11,69.44,66.7,67.93,,,,,
2016/10/24,68.4,68.45,67.48,68.06,,,,,
2016/10/25,67.9,68.25,67.48,67.71,,,,,
2016/10/26,67.31,68.62,67.25,68.2,,,,,
2016/10/27,70.8,71.62,70,70.09,,,,,
2016/10/28,70.52,70.53,67.66,68.4,,,,,
2016/10/31,69,69.51,68.68,68.72,,,,,
2016/11/01,69,69.35,67.5411,68.34,,,,,
2016/11/02,68.46,68.6,67.025,67.09,,,,,
2016/11/03,67.69,68.57,65.93,66.95,,,,,
2016/11/04,65.74,67.41,65.74,66.73,,,,,
2016/11/07,67.72,68.58,67.39,68.46,,,,,
2016/11/08,68.22,68.71,67.63,68.27,,,,,
2016/11/09,66.63,68.09,66.25,67.88,,,,,
2016/11/10,67.81,68.2101,64.32,66.31,,,,,
2016/11/11,65.87,67,65.84,66.88,,,,,
2016/11/14,67.42,67.42,65.93,65.93,,,,,
2016/11/15,66.26,67.16,65.95,66.77,,,,,
2016/11/16,66.71,66.71,65.65,66.3,,,,,
2016/11/17,66.44,66.77,66.16,66.67,,,,,
2016/11/18,66.68,67.455,65.94,67.31,,,,,
2016/11/21,66.86,67.2,66.15,67.1,,,,,
2016/11/22,67.57,68.6,67.04,68.31,,,,,
2016/11/23,68.33,68.5,67.75,68.13,,,,,
2016/11/25,68.16,68.42,67.71,68.29,,,,,
2016/11/28,67.42,67.7,66.8,67.1,,,,,
2016/11/29,67.23,67.54,66.63,66.77,,,,,
2016/11/30,66.8,68.31,66.5,68.13,,,,,
2016/12/01,67.72,67.92,63.78,64.16,,,,,
2016/12/02,63.95,66.33,63.95,65.84,,,,,
2016/12/05,66.38,66.94,65.69,66.36,,,,,
2016/12/06,66.65,67.48,66.5,67.45,,,,,
2016/12/07,67.35,68.34,66.955,68.34,,,,,
2016/12/08,68.42,69.18,68.37,68.55,,,,,
2016/12/09,68.61,68.89,67.8,68.52,,,,,
2016/12/12,68.37,68.645,67.92,68.47,,,,,
2016/12/13,68.72,70.24,68.49,69.34,,,,,
2016/12/14,68.64,69.18,67.35,67.56,,,,,
2016/12/15,68.1,68.77,67.31,68.03,,,,,
2016/12/16,68.49,68.49,66.3,66.46,,,,,
2016/12/19,66.79,67.43,66.6411,67.02,,,,,
2016/12/20,67.38,67.56,66.77,66.91,,,,,
2016/12/21,67.07,67.35,66.82,67.16,,,,,
2016/12/22,67.64,67.75,66.46,66.76,,,,,
2016/12/23,66.89,66.94,66.521,66.86,,,,,
2016/12/27,67.14,67.575,67.06,67.25,,,,,
2016/12/28,66.65,67.07,65.7,65.75,,,,,
2016/12/29,65.5,66.08,65.42,66.04,,,,,
2016/12/30,66.25,66.35,65.04,65.2,,,,,
2017/01/03,65.86,66.14,64.601,65.4,,,,,
2017/01/04,65.67,65.95,65.26,65.47,,,,,
2017/01/05,65.32,65.9764,65.05,65.55,,,,,
2017/01/06,65.48,65.87,64.8601,65.53,,,,,
2017/01/09,65.53,66.265,65.49,65.65,,,,,
2017/01/10,65.95,66.155,65.57,65.63,,,,,
2017/01/11,65.75,66.11,65.42,66.1,,,,,
2017/01/12,65.35,66.18,65.0546,66.12,,,,,
2017/01/13,66.25,67.08,66.16,66.88,,,,,
2017/01/17,66.71,66.97,63.15,64.19,,,,,
2017/01/18,64.67,66.09,63.81,65.13,,,,,
2017/01/19,64.97,65.4,64.36,64.44,,,,,
2017/01/20,65.19,65.74,62.62,62.88,,,,,
2017/01/23,58.67,58.67,53.77,54.88,,,,,
2017/01/24,55.02,55.7699,54.7,55,,,,,
2017/01/25,56.1,56.98,55.5,56.9,,,,,
2017/01/26,55.35,55.49,53.5,54.05,,,,,
2017/01/27,54.65,54.76,54,54.24,,,,,
2017/01/30,54.39,54.4,53.55,53.61,,,,,
2017/01/31,53.61,53.64,52.83,53.43,,,,,
2017/02/01,53.64,53.8192,52.86,53.15,,,,,
2017/02/02,52.95,53.0992,52.37,52.66,,,,,
2017/02/03,52.95,53.22,52.75,52.98,,,,,
2017/02/06,53.31,53.41,52.82,52.88,,,,,
2017/02/07,53.22,53.28,52.76,53.27,,,,,
2017/02/08,53.39,53.39,52.72,52.89,,,,,
2017/02/09,52.91,53.1,52.76,52.88,,,,,
2017/02/10,53.1,54.2825,52.93,54,,,,,
2017/02/13,54.58,55.13,54.26,54.93,,,,,
2017/02/14,55.428,55.52,54.82,55.48,,,,,
2017/02/15,55.63,56.5,55.49,56.49,,,,,
2017/02/16,56.58,56.9,56.445,56.88,,,,,
2017/02/17,56.85,56.94,56.05,56.46,,,,,
2017/02/21,56.83,57.19,56.58,56.75,,,,,
2017/02/22,56.78,57.1,56.48,57.1,,,,,
2017/02/23,57.01,57.305,56.77,57.14,,,,,
2017/02/24,57.02,57.23,56.5,57.22,,,,,
2017/02/27,56.56,56.98,56.31,56.73,,,,,
2017/02/28,56.49,56.52,55.89,56.48,,,,,
2017/03/01,56.93,57.08,56.27,57.01,,,,,
2017/03/02,56.95,57.153,56.24,56.37,,,,,
2017/03/03,56.52,56.57,56,56.44,,,,,
2017/03/06,56.27,56.56,56.07,56.45,,,,,
2017/03/07,56.6,56.82,56.19,56.73,,,,,
2017/03/08,56.92,58.08,56.8,57.77,,,,,
2017/03/09,57.65,58.1,57.4027,57.97,,,,,
2017/03/10,58.36,58.79,58.3,58.64,,,,,
2017/03/13,59.03,59.04,58.2,58.46,,,,,
2017/03/14,58.375,58.375,57.72,58.22,,,,,
2017/03/15,58.42,58.75,58.18,58.52,,,,,
2017/03/16,58.3,58.73,58.16,58.35,,,,,
2017/03/17,58.57,58.61,57.51,57.55,,,,,
2017/03/20,57.79,58.07,57.59,57.81,,,,,
2017/03/21,57.93,58.1,56.74,56.8,,,,,
2017/03/22,56.73,57.125,56.1,57.04,,,,,
2017/03/23,57.16,57.27,56.59,56.81,,,,,
2017/03/24,57.47,57.47,56.64,56.92,,,,,
2017/03/27,56.72,56.94,56.48,56.66,,,,,
2017/03/28,56.67,57.61,56.67,57.38,,,,,
2017/03/29,57.09,57.37,56.86,57.36,,,,,
2017/03/30,57.36,57.65,57.19,57.2,,,,,
2017/03/31,57.46,57.69,56.97,57.34,,,,,
2017/04/03,57.26,57.34,56.04,56.5,,,,,
2017/04/04,56.3,56.9099,56.25,56.68,,,,,
2017/04/05,56.8,57.53,56.42,56.47,,,,,
2017/04/06,56.44,56.73,56.1393,56.53,,,,,
2017/04/07,56.58,56.6,56.1938,56.32,,,,,
2017/04/10,56.43,56.81,56.27,56.52,,,,,
2017/04/11,56.32,56.36,54.72,55.35,,,,,
2017/04/12,54.64,54.65,53.12,53.39,,,,,
2017/04/13,53.13,53.675,52.78,52.79,,,,,
2017/04/17,52.99,53.13,52.75,52.89,,,,,
2017/04/18,52.6,52.98,52.39,52.67,,,,,
2017/04/19,53,53.1,52.3,52.61,,,,,
2017/04/20,53.22,53.4,51.4,52.66,,,,,
2017/04/21,52.77,52.8,52.21,52.5,,,,,
2017/04/24,53.01,53.25,52.75,52.81,,,,,
2017/04/25,53.17,53.49,52.96,53,,,,,
2017/04/26,53.2,53.3,52.91,53.04,,,,,
2017/04/27,53.24,53.34,52.91,53.21,,,,,
2017/04/28,51.8,53.95,51.05,53.74,,,,,
2017/05/01,53.65,53.7,53.095,53.6,,,,,
2017/05/02,53.65,53.725,52.9,53.29,,,,,
2017/05/03,53.41,54.77,53.25,54.49,,,,,
2017/05/04,54.73,55,54.5,54.91,,,,,
2017/05/05,54.93,55,54.695,54.93,,,,,
2017/05/08,54.99,55,54.56,54.62,,,,,
2017/05/09,54.69,55.19,54.63,55.15,,,,,
2017/05/10,55.22,55.4273,54.8627,55.33,,,,,
2017/05/11,55.25,55.3,54.41,54.68,,,,,
2017/05/12,54.5,55.35,54.4,55.32,,,,,
2017/05/15,55.08,55.49,55.075,55.4,,,,,
2017/05/16,55.39,55.98,55.1,55.95,,,,,
2017/05/17,55.64,56.075,55.3,55.36,,,,,
2017/05/18,55.58,56.31,55.02,56.12,,,,,
2017/05/19,56.49,57.79,56.2,57.67,,,,,
2017/05/22,58.39,59.54,58.38,59.28,,,,,
2017/05/23,59.38,59.89,59.13,59.22,,,,,
2017/05/24,59.28,59.62,58.57,58.64,,,,,
2017/05/25,58.65,58.95,58.261,58.45,,,,,
2017/05/26,57.66,57.978,57.37,57.52,,,,,
2017/05/30,57.28,57.74,57.17,57.34,,,,,
2017/05/31,57.26,57.73,57,57.27,,,,,
2017/06/01,57.45,58.65,57.35,58.62,,,,,
2017/06/02,58.89,58.96,58.35,58.58,,,,,
2017/06/05,58.5,59.05,58.48,58.86,,,,,
2017/06/06,58.6,58.91,58.18,58.2,,,,,
2017/06/07,58.3,58.49,57.13,57.53,,,,,
2017/06/08,57.77,58.15,57.61,58.12,,,,,
2017/06/09,58.37,58.49,56.74,57.05,,,,,
2017/06/12,56.52,57.675,56.48,57.49,,,,,
2017/06/13,57.95,58.065,57.5,57.54,,,,,
2017/06/14,57.7,57.97,56.67,57.01,,,,,
2017/06/15,56.42,57.17,56.4,56.93,,,,,
2017/06/16,56.98,57.01,56.35,56.82,,,,,
2017/06/19,56.96,57.66,56.91,57.61,,,,,
2017/06/20,57.46,57.61,56.51,56.79,,,,,
2017/06/21,56.79,56.84,56.12,56.33,,,,,
2017/06/22,56.24,56.745,56.06,56.47,,,,,
2017/06/23,56.64,57.4365,56.57,56.91,,,,,
2017/06/26,57.09,57.6892,56.21,56.56,,,,,
2017/06/27,56.29,56.33,55.41,55.43,,,,,
2017/06/28,55.4,56.32,55.18,56.16,,,,,
2017/06/29,55.93,55.93,54.55,55.08,,,,,
2017/06/30,55.6,55.63,55.03,55.22,,,,,
2017/07/03,55.53,56.02,54.92,54.95,,,,,
2017/07/05,55.01,55.56,54.78,55.45,,,,,
2017/07/06,55.02,55.23,54.735,54.79,,,,,
2017/07/07,55.04,55.73,54.87,55.35,,,,,
2017/07/10,55.37,55.885,55.19,55.64,,,,,
2017/07/11,55.63,55.63,55.02,55.33,,,,,
2017/07/12,55.79,56.31,55.72,56.2,,,,,
2017/07/13,56.38,56.52,56.17,56.23,,,,,
2017/07/14,56.5,56.93,56.15,56.81,,,,,
2017/07/17,56.73,56.92,56.39,56.46,,,,,
2017/07/18,56.34,56.38,56,56.29,,,,,
2017/07/19,56.46,56.9399,56.01,56.78,,,,,
2017/07/20,55.11,55.43,53.46,53.97,,,,,
2017/07/21,53.66,54,53.37,53.84,,,,,
2017/07/24,53.75,53.88,53.09,53.22,,,,,
2017/07/25,53.2,53.65,53.07,53.27,,,,,
2017/07/26,53.29,53.35,52.74,53.14,,,,,
2017/07/27,53.08,53.37,52.23,52.49,,,,,
2017/07/28,52.27,52.9865,52.27,52.88,,,,,
2017/07/31,53.1,53.295,52.75,53.19,,,,,
2017/08/01,53.3,53.43,52.91,53.41,,,,,
2017/08/02,53.295,53.3885,52.78,53.17,,,,,
2017/08/03,53.16,53.3399,52.75,52.95,,,,,
2017/08/04,53,53,52.51,52.62,,,,,
2017/08/07,52.5,52.845,52.49,52.7,,,,,
2017/08/08,52.55,53.33,52.21,52.29,,,,,
2017/08/09,52.05,52.8,52,52.77,,,,,
2017/08/10,52.54,52.75,52.11,52.34,,,,,
2017/08/11,52.39,53.13,52.29,52.72,,,,,
2017/08/14,53.04,53.64,52.91,53.55,,,,,
2017/08/15,53.66,54.08,53.35,53.87,,,,,
2017/08/16,54.06,54.1,53.255,53.31,,,,,
2017/08/17,53.19,53.41,52.27,52.27,,,,,
2017/08/18,52.26,52.415,51.9,51.92,,,,,
2017/08/21,52,52.08,51.5,51.98,,,,,
2017/08/22,52.21,52.62,52.21,52.35,,,,,
2017/08/23,52.3,52.405,51.78,52.23,,,,,
2017/08/24,52.37,52.71,52.26,52.49,,,,,
2017/08/25,52.78,52.8545,52.02,52.03,,,,,
2017/08/28,51.77,51.81,51.46,51.81,,,,,
2017/08/29,51.31,51.86,51.28,51.81,,,,,
2017/08/30,51.75,52.286,51.56,52.12,,,,,
2017/08/31,52.26,52.59,52.12,52.27,,,,,
2017/09/01,52.53,52.77,51.925,52.05,,,,,
2017/09/05,51.86,51.9,49.83,50.03,,,,,
2017/09/06,50.19,50.77,49.83,50.45,,,,,
2017/09/07,50.56,50.69,50.25,50.38,,,,,
2017/09/08,50.35,50.45,48.92,49.64,,,,,
2017/09/11,49.94,50.67,49.91,50.57,,,,,
2017/09/12,50.6,51.07,50.52,50.9,,,,,
2017/09/13,50.8,51.1054,50.72,51.01,,,,,
2017/09/14,50.97,51.59,50.67,51.48,,,,,
2017/09/15,51.95,52.29,51.44,52.19,,,,,
2017/09/18,52.24,52.37,51.955,52.25,,,,,
2017/09/19,52.4,52.5,52.06,52.3,,,,,
2017/09/20,52.43,52.52,51.48,51.98,,,,,
2017/09/21,51.86,52.2,51.71,52.03,,,,,
2017/09/22,51.82,52.23,51.78,52.09,,,,,
2017/09/25,51.9,52.285,51.61,51.62,,,,,
2017/09/26,51.75,51.87,50.85,51.13,,,,,
2017/09/27,51.43,51.61,51.1526,51.55,,,,,
2017/09/28,51.38,52.04,51.31,51.75,,,,,
2017/09/29,51.91,52.0447,51.62,51.84,,,,,
2017/10/02,52.09,52.16,51.7,51.88,,,,,
2017/10/03,51.99,52.22,51.65,52.02,,,,,
2017/10/04,51.93,52.12,51.67,51.96,,,,,
2017/10/05,52.17,52.43,51.96,52.35,,,,,
2017/10/06,52.16,52.63,52.16,52.49,,,,,
2017/10/09,52.68,52.9799,52.38,52.88,,,,,
2017/10/10,52.95,53.9,52.9,53.87,,,,,
2017/10/11,53.79,54.38,53.66,54.12,,,,,
2017/10/12,53.88,54.175,52.96,53,,,,,
2017/10/13,53.38,53.38,52.74,52.82,,,,,
2017/10/16,52.98,53,52.3101,52.38,,,,,
2017/10/17,52.32,52.44,51.8501,52.41,,,,,
2017/10/18,52.54,52.67,52.02,52.21,,,,,
2017/10/19,52.03,52.4,52.01,52.29,,,,,
2017/10/20,52.51,52.59,51.94,52.02,,,,,
2017/10/23,52.3,53.78,52.13,53.39,,,,,
2017/10/24,53.44,54.44,53.4,54.25,,,,,
2017/10/25,53.98,54.43,53.475,53.84,,,,,
2017/10/26,54.1,54.39,53.665,53.8,,,,,
2017/10/27,53.7,54.7,53.36,54.57,,,,,
2017/10/30,54.16,54.77,54.08,54.66,,,,,
2017/10/31,52.26,52.49,50.02,51.01,,,,,
2017/11/01,51.47,53.49,50.51,53.46,,,,,
2017/11/02,53.6,55.68,53.6,54.84,,,,,
2017/11/03,54.76,64.99,54.21,61.81,,,,,
2017/11/06,64.54,65.33,62.15,62.52,,,,,
2017/11/07,62.52,64.16,62.45,64.1,,,,,
2017/11/08,64.21,65.79,64.21,65.49,,,,,
2017/11/09,64.91,65.33,63.93,64.6,,,,,
2017/11/10,64.36,65.1,63.92,64.57,,,,,
2017/11/13,64.96,66.82,64.75,66.49,,,,,
2017/11/14,66.16,66.8,65.55,66,,,,,
2017/11/15,65.55,66.4838,65.24,65.61,,,,,
2017/11/16,65.77,66.54,65.43,66.11,,,,,
2017/11/17,66.37,66.95,66,66.72,,,,,
2017/11/20,66.18,66.85,65.95,66.47,,,,,
2017/11/21,65.35,66.93,65.27,66.67,,,,,
2017/11/22,66.37,68.26,66.24,68.13,,,,,
2017/11/24,68.51,69.28,68.45,68.91,,,,,
2017/11/27,68.6,68.92,68.04,68.14,,,,,
2017/11/28,67.59,68.41,67.22,68.38,,,,,
2017/11/29,68.1,68.2,66.03,66.52,,,,,
2017/11/30,66.51,67.1,65.72,66.34,,,,,
2017/12/01,65.2,66.12,64.6,65.49,,,,,
2017/12/04,65.6,65.7,63.8,64.56,,,,,
2017/12/05,64.85,65.03,64.4,64.69,,,,,
2017/12/06,64.64,65.68,64.36,64.98,,,,,
2017/12/07,65.21,65.55,64.77,65.23,,,,,
2017/12/08,65.6,65.6,63.88,64.24,,,,,
2017/12/11,64.06,65.2631,64,65.18,,,,,
2017/12/12,64.88,65.11,64.55,64.86,,,,,
2017/12/13,64.98,65.425,64.83,64.9,,,,,
2017/12/14,64.86,65.17,64.545,64.7,,,,,
2017/12/15,65.33,65.42,64.5,64.76,,,,,
2017/12/18,64.93,65.46,64.8,65.38,,,,,
2017/12/19,65.11,65.48,64.43,64.5,,,,,
2017/12/20,64.56,65.17,64.33,64.6,,,,,
2017/12/21,64.75,64.9604,64.34,64.39,,,,,
2017/12/22,64.31,64.98,64.3,64.73,,,,,
2017/12/26,64.49,64.94,64.2,64.3,,,,,
2017/12/27,64.32,64.64,64.18,64.54,,,,,
2017/12/28,64.69,64.73,64.35,64.38,,,,,
2017/12/29,64.36,64.65,64,64.02,,,,,
2018/01/02,64.38,65.33,64.17,65.2,,,,,
2018/01/03,65.22,66.06,64.69,65.94,,,,,
2018/01/04,66.18,66.53,65.91,66.03,,,,,
2018/01/05,66.04,66.6,65.5,66.47,,,,,
2018/01/08,66.25,66.53,65.94,66.27,,,,,
2018/01/09,65.64,65.86,64.94,65.27,,,,,
2018/01/10,65.48,65.74,64.88,65.26,,,,,
2018/01/11,65.2,65.5,65.14,65.43,,,,,
2018/01/12,65.61,65.9,65.08,65.38,,,,,
2018/01/16,66.23,68.65,66.03,68.25,,,,,
2018/01/17,68.52,68.9,67.24,68.02,,,,,
2018/01/18,67.75,68.18,67.49,68.05,,,,,
2018/01/19,68.04,68.25,67.75,68.04,,,,,
2018/01/22,67.81,68.75,67.705,68.67,,,,,
2018/01/23,68.6,68.895,68.24,68.34,,,,,
2018/01/24,68.2,68.285,67.38,67.98,,,,,
2018/01/25,68.14,68.37,67.29,67.42,,,,,
2018/01/26,67.94,68.53,67.6,68.53,,,,,
2018/01/29,68.16,68.3,67.24,67.32,,,,,
2018/01/30,67.43,67.91,66.73,66.99,,,,,
2018/01/31,67.55,68.38,67.46,68.25,,,,,
2018/02/01,67,68.35,66.32,66.8,,,,,
2018/02/02,66.18,67.04,65.86,66.07,,,,,
2018/02/05,66.3,66.55,60.5,61.73,,,,,
2018/02/06,62.31,64.53,62.2,64.4,,,,,
2018/02/07,64.22,66.12,64.02,65.04,,,,,
2018/02/08,64.63,65.07,62.4,62.42,,,,,
2018/02/09,62.95,64.32,61.46,63.99,,,,,
2018/02/12,64.89,65.7,64.39,65.66,,,,,
2018/02/13,65.23,65.76,64.98,65.7,,,,,
2018/02/14,65.15,66.8,65.1044,66.59,,,,,
2018/02/15,66.38,66.38,63.86,65.28,,,,,
2018/02/16,64.77,65.83,64.595,64.85,,,,,
2018/02/20,63.01,64.14,61.86,63.99,,,,,
2018/02/21,63.12,63.86,62.65,63.4,,,,,
2018/02/22,63.15,63.58,62.03,62.18,,,,,
2018/02/23,62.81,63.32,62.03,63.32,,,,,
2018/02/26,64.55,67.3599,64.19,66.98,,,,,
2018/02/27,67,67.629,66.01,66.34,,,,,
2018/02/28,66.7,66.72,64.911,65,,,,,
2018/03/01,65.03,66.2372,64.33,64.96,,,,,
2018/03/02,64.31,64.85,64.03,64.74,,,,,
2018/03/05,64.34,65.6,63.54,64.01,,,,,
2018/03/06,63.5,63.55,61.06,62.14,,,,,
2018/03/07,61.49,62.61,61.425,62.49,,,,,
2018/03/08,62.65,62.74,61.5655,61.82,,,,,
2018/03/09,62.36,63.06,62.12,63.03,,,,,
2018/03/12,63.05,63.48,62.3,62.81,,,,,
2018/03/13,59.77,61.4,59.13,59.7,,,,,
2018/03/14,59.9,60.38,57.895,60.12,,,,,
2018/03/15,60.03,60.28,59.56,59.89,,,,,
2018/03/16,60.6,61.49,60.48,60.62,,,,,
2018/03/19,60.19,60.35,57.9,58.37,,,,,
2018/03/20,58.99,59.0899,57.95,58.26,,,,,
2018/03/21,57.5,58.28,56.77,56.81,,,,,
2018/03/22,56.24,56.83,55.52,55.58,,,,,
2018/03/23,55.63,56.15,53.65,53.66,,,,,
2018/03/26,54.58,56.14,54.25,56.13,,,,,
2018/03/27,56.59,57.24,54.54,54.84,,,,,
2018/03/28,54.81,55.97,54.455,54.7,,,,,
2018/03/29,55.04,55.93,54.6217,55.41,,,,,
2018/04/02,55.1,55.24,53.07,53.81,,,,,
2018/04/03,54.29,55.05,53.62,54.78,,,,,
2018/04/04,53.8,55.12,53.421,54.99,,,,,
2018/04/05,55.49,55.5,54.44,55.04,,,,,
2018/04/06,54.42,54.77,53.11,53.12,,,,,
2018/04/09,53.52,54.89,53.34,53.43,,,,,
2018/04/10,54.58,55.01,54.215,54.77,,,,,
2018/04/11,54.19,55.07,54.15,55.01,,,,,
2018/04/12,55.47,55.65,55.02,55.2,,,,,
2018/04/13,56.61,56.79,55.4189,55.73,,,,,
2018/04/16,55.94,55.99,54.57,54.77,,,,,
2018/04/17,54.99,55.6767,54.78,55.35,,,,,
2018/04/18,55.14,55.62,54.88,55.23,,,,,
2018/04/19,54,54.14,52.5,52.57,,,,,
2018/04/20,52.81,52.89,51.32,51.44,,,,,
2018/04/23,51.5,51.81,50.27,50.53,,,,,
2018/04/24,50.88,51.29,49.38,49.94,,,,,
2018/04/25,50,50.44,48.87,49.75,,,,,
2018/04/26,49.52,50.59,48.56,50.47,,,,,
2018/04/27,50.75,51.36,50.49,51.11,,,,,
2018/04/30,51.25,51.82,51,51.01,,,,,
2018/05/01,50.76,51.05,50.04,50.82,,,,,
2018/05/02,51.24,51.25,49.92,50.26,,,,,
2018/05/03,49.99,50.544,49.31,50.31,,,,,
2018/05/04,50.18,52.6,49.9194,52.49,,,,,
2018/05/07,52.58,53.27,52.52,53.01,,,,,
2018/05/08,53.04,53.27,52.105,52.86,,,,,
2018/05/09,52.86,53.325,52.2,53.17,,,,,
2018/05/10,54.45,55.07,53.945,54.97,,,,,
2018/05/11,54.76,55.79,54.619,55.23,,,,,
2018/05/14,57.33,57.8,56.34,56.74,,,,,
2018/05/15,56.5,56.61,55.2204,55.64,,,,,
2018/05/16,55.76,56.81,55.67,56.7,,,,,
2018/05/17,56.49,57.3801,56.39,56.95,,,,,
2018/05/18,56.93,57.99,56.396,57.51,,,,,
2018/05/21,57.68,58.27,56.765,57.71,,,,,
2018/05/22,57.91,58.36,57.07,57.39,,,,,
2018/05/23,56.91,58.86,56.83,58.82,,,,,
2018/05/24,58.58,59.25,58.05,59.08,,,,,
2018/05/25,58.85,60,58.81,59.96,,,,,
2018/05/29,59.5,59.5999,57.7,58.23,,,,,
2018/05/30,58.41,58.65,57.66,58.39,,,,,
2018/05/31,58,58.57,57.7601,58.12,,,,,
2018/06/01,58.34,58.73,58.01,58.61,,,,,
2018/06/04,58.62,58.87,57.95,58.71,,,,,
2018/06/05,58.86,59.6002,58.76,58.98,,,,,
2018/06/06,59.26,59.85,59.11,59.84,,,,,
2018/06/07,62,62.65,60.22,60.64,,,,,
2018/06/08,60.25,60.62,59.805,60.26,,,,,
2018/06/11,60.17,60.415,59.82,59.93,,,,,
2018/06/12,60.11,60.38,59.545,59.79,,,,,
2018/06/13,59.67,60.23,59.12,59.22,,,,,
2018/06/14,59.29,59.7,58.95,59.46,,,,,
2018/06/15,59.87,59.95,58.92,59.86,,,,,
2018/06/18,59.31,59.37,58.92,59.2,,,,,
2018/06/19,58.28,58.735,57.85,58.7,,,,,
2018/06/20,59.18,59.2,58.31,58.79,,,,,
2018/06/21,59.21,59.21,58.39,58.75,,,,,
2018/06/22,58.78,59.1,58.43,58.5,,,,,
2018/06/25,58.09,58.14,56.61,57.05,,,,,
2018/06/26,57.08,57.1455,56.31,56.45,,,,,
2018/06/27,56.55,57.53,55.14,55.17,,,,,
2018/06/28,55.12,56.46,55.09,55.9,,,,,
2018/06/29,56.13,56.86,56.08,56.12,,,,,
2018/07/02,55.4,56.22,55.12,56.18,,,,,
2018/07/03,56.41,56.5298,55.25,55.33,,,,,
2018/07/05,55.7,57.43,55.65,57.38,,,,,
2018/07/06,57.46,58.07,57.03,57.84,,,,,
2018/07/09,58.06,58.305,57.23,58.04,,,,,
2018/07/10,58.06,58.47,57.95,58.37,,,,,
2018/07/11,57.43,58.01,56.735,57.3,,,,,
2018/07/12,57.85,58.49,57.31,58.32,,,,,
2018/07/13,58.25,58.78,58.18,58.39,,,,,
2018/07/16,58.42,58.84,58.06,58.35,,,,,
2018/07/17,57.92,58.91,57.62,58.91,,,,,
2018/07/18,59,59,58.37,58.76,,,,,
2018/07/19,58.71,59.59,58.65,59.31,,,,,
2018/07/20,58.98,59.18,58.4002,58.61,,,,,
2018/07/23,58.4,59.21,57.815,59.08,,,,,
2018/07/24,59.35,59.62,58.45,58.85,,,,,
2018/07/25,58.55,59.5,57.76,59.42,,,,,
2018/07/26,63.05,63.76,61.26,63.58,,,,,
2018/07/27,63.22,63.51,62.22,62.69,,,,,
2018/07/30,62.65,62.98,61.925,62.04,,,,,
2018/07/31,63.83,64.655,63.5,64.09,,,,,
2018/08/01,63.55,64.87,63.55,64.35,,,,,
2018/08/02,63.96,65.04,63.64,64.77,,,,,
2018/08/03,64.74,65.61,64.67,65.4,,,,,
2018/08/06,65.86,66.02,65.33,65.73,,,,,
2018/08/07,65.93,65.93,65.25,65.44,,,,,
2018/08/08,65.21,65.55,65.12,65.16,,,,,
2018/08/09,65.1,65.3,64.92,65.08,,,,,
2018/08/10,64.65,64.935,64.4944,64.82,,,,,
2018/08/13,65.15,65.23,64.65,64.84,,,,,
2018/08/14,65.09,65.62,64.7749,65.43,,,,,
2018/08/15,65.14,65.82,64.545,65.68,,,,,
2018/08/16,65.86,66.1,65.5315,65.76,,,,,
2018/08/17,65.5,66.19,65.12,66.06,,,,,
2018/08/20,66.33,66.59,65.735,66.16,,,,,
2018/08/21,66.09,66.775,66.03,66.55,,,,,
2018/08/22,66.22,67.08,66.21,66.84,,,,,
2018/08/23,66.98,67.29,66.8,66.86,,,,,
2018/08/24,67,67.36,66.94,67.15,,,,,
2018/08/27,67.37,67.48,67.215,67.34,,,,,
2018/08/28,68.56,70.4868,67.9203,69.78,,,,,
2018/08/29,69.67,70.07,69.14,69.2,,,,,
2018/08/30,68.97,69.16,68,68.14,,,,,
2018/08/31,67.99,69,67.94,68.71,,,,,
2018/09/04,68.74,70.11,68.71,69.98,,,,,
2018/09/05,69.8,71.065,69.31,70.89,,,,,
2018/09/06,70.85,71.35,70.19,70.36,,,,,
2018/09/07,69.84,70.62,69.615,70.38,,,,,
2018/09/10,70.67,72.75,70.5,72.32,,,,,
2018/09/11,71.84,72.66,71.81,72.51,,,,,
2018/09/12,72.09,72.5,70.02,71.75,,,,,
2018/09/13,73.68,75.36,73.48,74.61,,,,,
2018/09/14,74.53,76.04,74.41,75.09,,,,,
2018/09/17,74.84,75.28,73.11,73.24,,,,,
2018/09/18,73.8,76.5,73.51,74.72,,,,,
2018/09/19,75.37,75.37,73.77,74.06,,,,,
2018/09/20,74.48,75.11,74.2081,74.6,,,,,
2018/09/21,74.83,74.87,73.13,73.7,,,,,
2018/09/24,73.08,73.85,72.8,73.58,,,,,
2018/09/25,72.64,73.57,72.58,72.74,,,,,
2018/09/26,72.68,73.26,71.58,71.76,,,,,
2018/09/27,72.18,72.68,71.475,71.71,,,,,
2018/09/28,71.51,73.26,71.25,72.03,,,,,
2018/10/01,72.46,73.43,72.1,72.6,,,,,
2018/10/02,72.4,73.91,72.2719,73.35,,,,,
2018/10/03,73.59,73.885,72.59,72.64,,,,,
2018/10/04,72,72.7,71.8569,72.38,,,,,
2018/10/05,72.39,72.66,70.55,71.21,,,,,
2018/10/08,70.78,71.6,70.56,70.93,,,,,
2018/10/09,70.76,70.96,70.09,70.13,,,,,
2018/10/10,68.77,69.56,66.62,66.73,,,,,
2018/10/11,66.35,66.99,63.61,64.29,,,,,
2018/10/12,65.55,65.65,63.27,64.29,,,,,
2018/10/15,64.23,65.2,64.01,64.17,,,,,
2018/10/16,64.78,66.39,64.62,66.12,,,,,
2018/10/17,66.38,66.61,65.29,66.1,,,,,
2018/10/18,65.68,66.32,64.87,65.15,,,,,
2018/10/19,65.45,66.21,65,65.36,,,,,
2018/10/22,65.69,66.6,65.225,66.12,,,,,
2018/10/23,63.66,66.92,63.57,66.38,,,,,
2018/10/24,65.87,66.39,62.5,62.62,,,,,
2018/10/25,63.81,63.83,62.35,63.2,,,,,
2018/10/26,61.5,63.64,61.18,62.48,,,,,
2018/10/29,63.5,63.69,61.27,62.17,,,,,
2018/10/30,62.36,63.72,62.17,63.18,,,,,
2018/10/31,62.91,63.52,62.0681,62.89,,,,,
2018/11/01,63.2,64.31,62.88,63.71,,,,,
2018/11/02,63.94,63.955,62.3401,63.33,,,,,
2018/11/05,63.08,63.8021,62.66,63.47,,,,,
2018/11/06,63.35,64.34,62.41,63.63,,,,,
2018/11/07,63.5,63.75,62.28,63.21,,,,,
2018/11/08,58,60.15,57.6,58.05,,,,,
2018/11/09,57.78,58.2356,56.19,56.72,,,,,
2018/11/12,56.37,56.5,54.43,54.49,,,,,
2018/11/13,54.74,55.49,54.05,54.16,,,,,
2018/11/14,54.84,54.89,53.67,53.94,,,,,
2018/11/15,53.83,55.54,53.53,55.39,,,,,
2018/11/16,55.12,57.04,54.99,55.88,,,,,
2018/11/19,55.85,56.62,54.87,54.9,,,,,
2018/11/20,54.2,55.4299,54.07,54.92,,,,,
2018/11/21,55.21,56.5,55.18,55.27,,,,,
2018/11/23,54.77,55.745,54.75,55.25,,,,,
2018/11/26,55.79,56.38,55.175,55.73,,,,,
2018/11/27,55.59,56.225,55.35,55.57,,,,,
2018/11/28,55.89,56.72,54.691,56.65,,,,,
2018/11/29,57.89,59.05,57.77,58.11,,,,,
2018/11/30,58.22,58.47,57.02,58.26,,,,,
2018/12/03,60.51,60.51,58.4,59.14,,,,,
2018/12/04,58.99,59.48,57.22,57.73,,,,,
2018/12/06,56.01,57.21,55.6941,57.11,,,,,
2018/12/07,56.61,57.12,55.73,55.99,,,,,
2018/12/10,57.77,58.25,56.64,57.24,,,,,
2018/12/11,58.45,58.66,56.8313,57.35,,,,,
2018/12/12,58.44,58.58,57.53,57.72,,,,,
2018/12/13,58.14,58.38,57.56,58.09,,,,,
2018/12/14,57.56,59,57.36,57.62,,,,,
2018/12/17,57.59,58.34,56.67,57,,,,,
2018/12/18,57.69,58.54,57.4,57.78,,,,,
2018/12/19,57.54,58.5,56.06,56.69,,,,,
2018/12/20,57.22,57.94,56.06,56.37,,,,,
2018/12/21,56.26,57.28,54.69,54.85,,,,,
2018/12/24,53.7,54.89,53.57,53.65,,,,,
2018/12/26,54.25,56,53.512,55.96,,,,,
2018/12/27,55.54,56.39,54.77,56.09,,,,,
2018/12/28,56.33,57.53,56.24,56.81,,,,,
2018/12/31,57.12,57.41,56.2818,56.91,,,,,
2019/01/02,56.2,58,55.92,57.4,,,,,
2019/01/03,55.95,56.84,55.52,55.7,,,,,
2019/01/04,56.5,56.83,55.2101,56.6,,,,,
2019/01/07,56.39,57.16,55.945,56.44,,,,,
2019/01/08,56.71,56.88,55.61,55.95,,,,,
2019/01/09,56.26,57.11,56.14,56.61,,,,,
2019/01/10,56.19,56.99,56.1,56.8,,,,,
2019/01/11,56.47,58.17,56.33,57.5,,,,,
2019/01/14,57.02,57.65,56.37,57.3,,,,,
2019/01/15,57.32,57.4,55.56,55.73,,,,,
2019/01/16,55.75,56.08,55.16,55.27,,,,,
2019/01/17,54.97,55.2,54.37,54.77,,,,,
2019/01/18,55.39,55.9,54.99,55.27,,,,,
2019/01/22,54.97,54.99,53.94,54.29,,,,,
2019/01/23,52.92,53.57,51.22,51.77,,,,,
2019/01/24,51.95,51.98,50.41,50.81,,,,,
2019/01/25,50.93,52.03,50.28,51.3,,,,,
2019/01/28,50.32,51.29,50.24,50.64,,,,,
2019/01/29,50.49,50.8381,49.34,49.4,,,,,
2019/01/30,49.68,50.42,49.21,50.17,,,,,
2019/01/31,51.2,51.28,49.1,49.52,,,,,
2019/02/01,49.58,50.28,49.4,49.61,,,,,
2019/02/04,49.71,49.8,49.465,49.69,,,,,
2019/02/05,49.73,51.08,49.72,50.73,,,,,
2019/02/06,50.94,51.635,50.9274,51.1,,,,,
2019/02/07,50.83,51.12,50.27,50.55,,,,,
2019/02/08,50.24,50.68,49.91,50.29,,,,,
2019/02/11,50.55,51.3,50.38,50.83,,,,,
2019/02/12,51.3,52.18,51.015,51.66,,,,,
2019/02/13,52,52.49,51.56,51.59,,,,,
2019/02/14,51.5,51.765,51.0925,51.57,,,,,
2019/02/15,52.08,52.36,51.6,51.98,,,,,
2019/02/19,52,52.48,51.75,52.01,,,,,
2019/02/20,52.25,52.915,52.135,52.45,,,,,
2019/02/21,52.5,52.59,51.9,52.35,,,,,
2019/02/22,52.69,53.15,52.64,53.12,,,,,
2019/02/25,53.78,53.97,52.9,52.99,,,,,
2019/02/26,53.08,53.2199,52.28,53.03,,,,,
2019/02/27,52.95,53.1291,52.27,53.04,,,,,
2019/02/28,53,53.76,52.71,53.39,,,,,
2019/03/01,54,54.4,53.71,54.2,,,,,
2019/03/04,54.58,54.7,53.255,53.78,,,,,
2019/03/05,53.9,54.225,53.7,53.94,,,,,
2019/03/06,53.89,55.46,53.73,54.8,,,,,
2019/03/07,54.83,55.05,53.61,54.03,,,,,
2019/03/08,53.45,53.63,53.03,53.53,,,,,
2019/03/11,53.72,54.745,53.65,54.35,,,,,
2019/03/12,54.66,55.31,54.54,54.84,,,,,
2019/03/13,55.03,55.94,55,55.39,,,,,
2019/03/14,55.53,55.87,55.25,55.4,,,,,
2019/03/15,55,57.34,54.9201,56.6,,,,,
2019/03/18,56.62,57.19,56.44,56.83,,,,,
2019/03/19,57.17,57.68,56.775,56.97,,,,,
2019/03/20,57.03,57.69,56.75,57.16,,,,,
2019/03/21,57.23,58.28,57.2,57.77,,,,,
2019/03/22,57.68,58.09,56.7548,56.82,,,,,
2019/03/25,56.58,56.9369,56.07,56.64,,,,,
2019/03/26,57.15,58.39,56.67,58,,,,,
2019/03/27,57.35,57.665,56.32,56.91,,,,,
2019/03/28,57.03,57.39,56.34,56.55,,,,,
2019/03/29,57,57.555,56.94,57.03,,,,,
2019/04/01,57.64,58.15,57.11,57.81,,,,,
2019/04/02,57.98,58.53,57.66,58.09,,,,,
2019/04/03,58.2,58.29,57.18,57.68,,,,,
2019/04/04,57.75,58.61,57.69,57.86,,,,,
2019/04/05,57.98,58.19,57.685,57.99,,,,,
2019/04/08,57.79,58.49,57.505,57.76,,,,,
2019/04/09,57.57,57.66,57.03,57.44,,,,,
2019/04/10,57.71,57.86,56.1,56.33,,,,,
2019/04/11,56.44,56.9,55.785,55.9,,,,,
2019/04/12,56.28,57.17,56.07,56.95,,,,,
2019/04/15,57.14,57.67,57.025,57.18,,,,,
2019/04/16,57.46,71.03,57.29,70.45,77.5,1.11,DOWN,UP,NO
2019/05/20,57.46,71.03,57.29,70.45,77.5,1.11,DOWN,UP,NO
2019-05-21,78.05,222.2,333.3,111.1,77.70893,-0.7047,DOWN,UP,N
2019-05-22,68.665,68.68,68.59,68.66,68.85778,13.1711,UP,DOWN,Y
