Date,Open,High,Low,Close,P_Open,Error,Pred Dir,Act Dir,Correct
2014-11-28,363.59,381.34,360.57,376.28,,,,,
2014-11-29,376.42,386.6,372.25,376.72,,,,,
2014-11-30,376.57,381.99,373.32,373.34,,,,,
2014-12-01,376.4,382.31,373.03,378.39,,,,,
2014-12-02,378.39,382.86,375.23,379.25,,,,,
2014-12-03,379.25,383,374.23,376.67,,,,,
2014-12-04,376.67,378.99,360.01,365.2,,,,,
2014-12-05,365.2,377.89,363.99,374.95,,,,,
2014-12-06,374.95,376.99,371.31,375.07,,,,,
2014-12-07,375.07,377.5,373.16,376.87,,,,,
2014-12-08,376.87,377.45,364.6,364.61,,,,,
2014-12-09,364.61,365.48,343.97,350.49,,,,,
2014-12-10,350.49,353.74,347.23,348.13,,,,,
2014-12-11,348.13,364.43,339.8,348.98,,,,,
2014-12-12,348.98,358.59,348,354.48,,,,,
2014-12-13,354.48,354.95,347.03,351.45,,,,,
2014-12-14,351.45,351.98,348.96,350.17,,,,,
2014-12-15,350.17,350.17,350.17,350.17,,,,,
2014-12-16,350.17,350.17,330,330.02,,,,,
2014-12-17,331.56,335.99,315.23,321.1,,,,,
2014-12-18,321.32,325.61,304.99,312.17,,,,,
2014-12-19,310.48,320,307.11,318,,,,,
2014-12-20,317.23,333,316.52,329.99,,,,,
2014-12-21,332.58,332.98,318.78,323.15,,,,,
2014-12-22,322.24,333.99,319.9,330.52,,,,,
2014-12-23,330.52,338.99,327.49,335.49,,,,,
2014-12-24,337,337,320.92,322.14,,,,,
2014-12-25,320.92,324.23,316.63,319.39,,,,,
2014-12-26,319,332,316.64,330.88,,,,,
2014-12-27,330.97,330.97,311.63,315.89,,,,,
2014-12-28,315.89,319.56,311.22,316.63,,,,,
2014-12-29,316.63,320.14,311.61,314.78,,,,,
2014-12-30,314.78,316.77,310,311.94,,,,,
2014-12-31,311.94,320,310.69,319.25,,,,,
2015-01-01,319.25,321,312.6,316.31,,,,,
2015-01-02,316.31,317.01,311.96,316.51,,,,,
2015-01-03,316.51,316.58,285,286.01,,,,,
2015-01-04,286.01,289.81,255,264.62,,,,,
2015-01-05,264.62,280,262.94,276.8,,,,,
2015-01-06,276.8,276.8,276.8,276.8,,,,,
2015-01-07,276.8,276.8,276.8,276.8,,,,,
2015-01-08,276.8,276.8,276.8,276.8,,,,,
2015-01-09,276.8,276.8,276.8,276.8,,,,,
2015-01-10,276.8,276.8,276.8,276.8,,,,,
2015-01-11,276.8,276.8,276.8,276.8,,,,,
2015-01-12,270.4,272.43,263.54,268.16,,,,,
2015-01-13,268.16,268.72,216,221,,,,,
2015-01-14,221,230.89,152.4,162,,,,,
2015-01-15,162,233.9,161.1,208.81,,,,,
2015-01-16,214.77,223.15,198.04,206.6,,,,,
2015-01-17,206.6,212.84,192.17,200.1,,,,,
2015-01-18,200.1,222,195.02,211.42,,,,,
2015-01-19,210.05,220.94,207.7,216.88,,,,,
2015-01-20,217.84,217.84,201.98,211.08,,,,,
2015-01-21,211.08,228.9,205,228.59,,,,,
2015-01-22,228.59,239,226.01,233,,,,,
2015-01-23,233,240,225.55,233.03,,,,,
2015-01-24,233.03,249.99,230.03,249.99,,,,,
2015-01-25,249.99,257,241.33,253.09,,,,,
2015-01-26,253.09,309.9,253.09,269.5,,,,,
2015-01-27,269.5,278.51,243.1,262.99,,,,,
2015-01-28,262.99,266.45,225.91,236.2,,,,,
2015-01-29,236.2,242.18,220,234.75,,,,,
2015-01-30,234.75,244.98,227.26,232.6,,,,,
2015-01-31,232.6,234.8,215.75,217.98,,,,,
2015-02-01,217.98,220.81,208.48,214.8,,,,,
2015-02-02,214.8,241.98,214.8,237.97,,,,,
2015-02-03,237.97,244.39,223.79,227.35,,,,,
2015-02-04,227.35,231,220.02,227,,,,,
2015-02-05,227,228.94,213.64,217,,,,,
2015-02-06,216.81,225.86,214.95,222.88,,,,,
2015-02-07,223.37,231.14,221.77,228.61,,,,,
2015-02-08,228.3,232.89,219.7,224.19,,,,,
2015-02-09,224.19,225.99,215,220.72,,,,,
2015-02-10,220.72,222,215,220.95,,,,,
2015-02-11,220.95,223.43,217.99,219.12,,,,,
2015-02-12,219.55,223.07,218.17,222.46,,,,,
2015-02-13,223,242.35,221.37,236.86,,,,,
2015-02-14,237,259.31,236.9,257.9,,,,,
2015-02-15,256.99,265.89,227.75,234.01,,,,,
2015-02-16,234.01,241.23,229.2,236.55,,,,,
2015-02-17,236.55,248.78,232.01,244.96,,,,,
2015-02-18,244.96,247,232.24,235.79,,,,,
2015-02-19,237.37,245.01,235.66,242.67,,,,,
2015-02-20,240.59,248.96,239.41,246.1,,,,,
2015-02-21,245.48,247.48,244,245.87,,,,,
2015-02-22,245.41,247.42,232.48,236.68,,,,,
2015-02-23,236.68,240.66,232.05,238.92,,,,,
2015-02-24,239.65,240.88,236.3,239.69,,,,,
2015-02-25,239.94,240.61,236,238,,,,,
2015-02-26,237.97,238.55,234.01,236.7,,,,,
2015-02-27,236.7,256.15,236.16,253.06,,,,,
2015-02-28,253.06,254.29,245.2,252.98,,,,,
2015-03-01,253.47,260,245,255.81,,,,,
2015-03-02,258.34,274.81,256,274,,,,,
2015-03-03,274,284.95,265.89,279,,,,,
2015-03-04,279,283.88,264.94,269.83,,,,,
2015-03-05,269.83,280.5,262.2,273.8,,,,,
2015-03-06,273.8,276.46,269,273.26,,,,,
2015-03-07,273.26,279.48,270,275.59,,,,,
2015-03-08,275.59,277.59,271.12,274.89,,,,,
2015-03-09,274.89,289,274.17,287,,,,,
2015-03-10,287,296.8,283.96,290.24,,,,,
2015-03-11,290.24,296.74,285.83,295.11,,,,,
2015-03-12,295.11,297.95,289,295.56,,,,,
2015-03-13,295.56,295.84,282.99,284.4,,,,,
2015-03-14,284.4,287.69,280.46,282.7,,,,,
2015-03-15,282.7,287.75,281.42,286.4,,,,,
2015-03-16,286.4,294.26,285.78,289.7,,,,,
2015-03-17,289.7,292.99,281.9,284.46,,,,,
2015-03-18,284.46,284.48,249.02,257.29,,,,,
2015-03-19,257.29,265.95,249,262.01,,,,,
2015-03-20,262.01,265.27,257,262.09,,,,,
2015-03-21,262.09,262.62,256.25,259.8,,,,,
2015-03-22,259.8,272,259.24,269.39,,,,,
2015-03-23,269.39,270.07,259.5,265.84,,,,,
2015-03-24,265.84,266.52,241.84,246.93,,,,,
2015-03-25,246.93,250,236.4,247.68,,,,,
2015-03-26,247.68,253.75,244.91,249.46,,,,,
2015-03-27,249.46,250.52,245.12,248.09,,,,,
2015-03-28,248.09,253.83,247.17,252.31,,,,,
2015-03-29,252.31,252.96,239.96,242.19,,,,,
2015-03-30,242.19,248.86,236.52,247.69,,,,,
2015-03-31,247.69,248.59,238.55,243.98,,,,,
2015-04-01,243.98,246.83,239.32,245.98,,,,,
2015-04-02,245.98,256.96,244.52,253.16,,,,,
2015-04-03,253.16,256.67,251.23,253.79,,,,,
2015-04-04,253.79,255.85,250.76,253.45,,,,,
2015-04-05,253.45,261,251.65,260.5,,,,,
2015-04-06,260.5,262.98,254,255.83,,,,,
2015-04-07,255.83,256.62,251.5,254.45,,,,,
2015-04-08,254.45,254.96,243.06,244.09,,,,,
2015-04-09,244.09,246.3,238.47,243.53,,,,,
2015-04-10,243.53,243.94,231,234.77,,,,,
2015-04-11,234.77,239.42,233,237.34,,,,,
2015-04-12,237.34,237.5,233.42,236.3,,,,,
2015-04-13,236.3,236.9,219.64,222.87,,,,,
2015-04-14,222.87,224.79,210,216.42,,,,,
2015-04-15,216.42,222.43,214.05,221.51,,,,,
2015-04-16,221.51,229.67,221.51,227.59,,,,,
2015-04-17,227.59,228.29,220,221.86,,,,,
2015-04-18,221.86,224.72,220.32,223.14,,,,,
2015-04-19,223.14,227.35,221.91,222.89,,,,,
2015-04-20,222.89,226.51,221.43,224.07,,,,,
2015-04-21,224.07,235.61,223.91,234.13,,,,,
2015-04-22,234.13,238.64,229.1,233,,,,,
2015-04-23,233,236.22,232.01,235.14,,,,,
2015-04-24,235.14,236,228,231.06,,,,,
2015-04-25,231.06,232.29,225.7,226.28,,,,,
2015-04-26,226.28,227.26,214.98,219.49,,,,,
2015-04-27,219.49,229.93,217.52,226.01,,,,,
2015-04-28,226.01,228.06,221.45,225.11,,,,,
2015-04-29,225.11,226.99,221.81,225.49,,,,,
2015-04-30,225.49,240,224.6,235.75,,,,,
2015-05-01,235.75,239.23,231.04,231.96,,,,,
2015-05-02,231.96,234.9,229.87,233.9,,,,,
2015-05-03,233.9,242.25,232.31,239.18,,,,,
2015-05-04,239.18,242.2,236.07,237.93,,,,,
2015-05-05,237.93,238.99,229.66,234.37,,,,,
2015-05-06,234.37,235.98,227.01,229.78,,,,,
2015-05-07,229.78,240,227.35,236.82,,,,,
2015-05-08,236.82,246.57,235.29,243.16,,,,,
2015-05-09,243.16,247.01,238.62,241.4,,,,,
2015-05-10,241.4,244.99,238.02,239.08,,,,,
2015-05-11,239.08,241,237.99,239,,,,,
2015-05-12,240.06,242,238.56,241.3,,,,,
2015-05-13,241.3,244.14,235.06,236.9,,,,,
2015-05-14,236.9,239.7,232.22,236.95,,,,,
2015-05-15,236.95,239.28,235.12,237.12,,,,,
2015-05-16,237.12,237.4,234,235.6,,,,,
2015-05-17,235.6,237,234.15,236.05,,,,,
2015-05-18,236.05,236.94,231.44,232.24,,,,,
2015-05-19,232.24,234.24,230.86,231.69,,,,,
2015-05-20,231.69,234.86,231,233.8,,,,,
2015-05-21,233.8,236.52,233.75,235.49,,,,,
2015-05-22,235.49,240.9,232.92,238.99,,,,,
2015-05-23,238.99,240.67,237.4,237.71,,,,,
2015-05-24,237.71,241.64,237.66,239.68,,,,,
2015-05-25,239.68,240.1,233.1,235.48,,,,,
2015-05-26,235.48,236.23,235,236.21,,,,,
2015-05-27,236.21,237.35,234,235.34,,,,,
2015-05-28,235.34,236.8,234.87,236.46,,,,,
2015-05-29,236.46,236.52,234,236.02,,,,,
2015-05-30,236.02,236.21,231,232.07,,,,,
2015-05-31,232.07,232.51,228,229.08,,,,,
2015-06-01,229.08,231.2,220.65,223.67,,,,,
2015-06-02,223.67,226.38,221.34,224.78,,,,,
2015-06-03,224.78,226.99,222.57,225.11,,,,,
2015-06-04,225.11,225.98,222,222.37,,,,,
2015-06-05,222.37,225.9,219.03,224.49,,,,,
2015-06-06,224.49,225.26,223.07,224.36,,,,,
2015-06-07,224.36,225.48,221.86,222.86,,,,,
2015-06-08,222.86,229.4,222.09,228.11,,,,,
2015-06-09,228.11,230.79,226.67,229.49,,,,,
2015-06-10,229.49,229.75,226.83,227.51,,,,,
2015-06-11,227.51,229.57,227.25,229.01,,,,,
2015-06-12,229.01,230.7,228.29,229.61,,,,,
2015-06-13,229.61,232.03,228.06,231.51,,,,,
2015-06-14,231.51,234,230.94,231.77,,,,,
2015-06-15,231.77,237.09,231.55,235.92,,,,,
2015-06-16,235.92,252.05,234.35,248.75,,,,,
2015-06-17,248.75,257.39,243.2,245.78,,,,,
2015-06-18,245.78,251.58,240,248.09,,,,,
2015-06-19,248.09,249.93,242.14,243.42,,,,,
2015-06-20,243.42,245.56,239.93,244.69,,,,,
2015-06-21,244.69,245,241.06,243.37,,,,,
2015-06-22,243.37,247.99,242.64,247.09,,,,,
2015-06-23,247.09,247.25,242.14,243.78,,,,,
2015-06-24,243.78,244.14,238.2,240.69,,,,,
2015-06-25,240.69,242.9,239.18,241.65,,,,,
2015-06-26,241.65,243.44,240,243.2,,,,,
2015-06-27,243.2,252,242.36,251.17,,,,,
2015-06-28,251.17,251.4,247.04,248.9,,,,,
2015-06-29,248.9,256.94,248.15,256.38,,,,,
2015-06-30,256.38,268,255,264.13,,,,,
2015-07-01,264.13,265.25,253.81,257.07,,,,,
2015-07-02,257.07,260.77,253.19,254.69,,,,,
2015-07-03,254.69,256.44,252.4,255.86,,,,,
2015-07-04,255.86,261.28,254.05,260.74,,,,,
2015-07-05,260.74,274.74,258.75,270.33,,,,,
2015-07-06,270.33,278.54,267.13,269.47,,,,,
2015-07-07,269.47,271.69,264.01,266.18,,,,,
2015-07-08,266.18,273,263.01,269.39,,,,,
2015-07-09,269.39,271.98,265.92,269.65,,,,,
2015-07-10,269.65,294.71,268.63,286.61,,,,,
2015-07-11,286.61,298.05,283.88,292.02,,,,,
2015-07-12,292.02,317.99,291.64,310.24,,,,,
2015-07-13,310.24,310.73,281,292,,,,,
2015-07-14,292,297.13,286.02,287.96,,,,,
2015-07-15,287.96,293.7,285.4,285.55,,,,,
2015-07-16,285.55,292.4,274.92,277.23,,,,,
2015-07-17,278.27,280.73,272.31,279.43,,,,,
2015-07-18,279.43,283,276.73,276.73,,,,,
2015-07-19,276.73,278.1,275.12,275.5,,,,,
2015-07-20,275.5,279.16,274.62,277.73,,,,,
2015-07-21,277.73,281.07,276.28,276.48,,,,,
2015-07-22,276.48,277.93,275,277.93,,,,,
2015-07-23,277.93,278.55,275.79,276.67,,,,,
2015-07-24,276.67,290.02,275.9,289.96,,,,,
2015-07-25,289.96,292,286.5,289.34,,,,,
2015-07-26,289.34,294,287.41,292.84,,,,,
2015-07-27,292.84,297.44,286.43,294.27,,,,,
2015-07-28,294.27,297,292.19,293.84,,,,,
2015-07-29,293.84,294.67,287.27,289.63,,,,,
2015-07-30,289.63,290.23,284.53,287.73,,,,,
2015-07-31,287.73,289,281.8,284.39,,,,,
2015-08-01,284.39,285.16,276.66,280.77,,,,,
2015-08-02,280.77,282.9,276.57,281.5,,,,,
2015-08-03,281.5,285.8,279.52,282.72,,,,,
2015-08-04,282.72,285.88,280.26,284.65,,,,,
2015-08-05,284.65,285.86,280.63,281.99,,,,,
2015-08-06,281.99,281.99,281.99,281.99,,,,,
2015-08-07,281.99,281.99,277.43,279.01,,,,,
2015-08-08,279.01,279.97,260.41,261.71,,,,,
2015-08-09,261.71,268.95,261.01,265.36,,,,,
2015-08-10,265.36,266.79,261.6,264.33,,,,,
2015-08-11,264.33,270.87,263.64,270,,,,,
2015-08-12,270,271.5,265.71,268.51,,,,,
2015-08-13,268.51,269.37,262.32,264.65,,,,,
2015-08-14,264.65,266.99,262,265.71,,,,,
2015-08-15,265.71,266.5,260.45,261.03,,,,,
2015-08-16,261.03,262.2,254.01,256.09,,,,,
2015-08-17,256.09,259.12,254.63,256.66,,,,,
2015-08-18,256.66,256.99,245.05,246,,,,,
2015-08-19,246,246,221.11,227.1,,,,,
2015-08-20,227.1,236.66,226.01,235.95,,,,,
2015-08-21,235.95,236.66,231.77,233.27,,,,,
2015-08-22,233.27,235.2,223.01,230.47,,,,,
2015-08-23,230.47,234.03,227.13,228.47,,,,,
2015-08-24,228.47,228.99,207.73,211.79,,,,,
2015-08-25,211.79,228.04,198.12,221.64,,,,,
2015-08-26,221.64,231.09,219.77,225.17,,,,,
2015-08-27,225.17,228.89,223.17,223.8,,,,,
2015-08-28,223.8,235.93,220.29,232.09,,,,,
2015-08-29,232.09,233.9,226.67,229.23,,,,,
2015-08-30,229.23,232.75,225.04,228.43,,,,,
2015-08-31,228.43,232.49,224.39,229.84,,,,,
2015-09-01,229.84,231.67,226.17,227.65,,,,,
2015-09-02,227.65,230.77,226,228.77,,,,,
2015-09-03,228.77,229.96,226.5,226.79,,,,,
2015-09-04,226.79,231.4,226.33,231.09,,,,,
2015-09-05,231.09,237.22,229.23,235.45,,,,,
2015-09-06,235.45,244.2,235.02,240.45,,,,,
2015-09-07,240.45,242.91,238.44,240.12,,,,,
2015-09-08,240.12,246.24,239.89,244.04,,,,,
2015-09-09,244.04,244.22,237.01,237.96,,,,,
2015-09-10,237.96,241.65,234.78,238.5,,,,,
2015-09-11,238.5,240.94,237.5,239.94,,,,,
2015-09-12,239.94,240,233.02,235.61,,,,,
2015-09-13,235.61,236.09,228,230.17,,,,,
2015-09-14,230.17,232.92,223.99,229.51,,,,,
2015-09-15,229.51,231.21,226.5,229.3,,,,,
2015-09-16,229.3,230,223,227.85,,,,,
2015-09-17,227.85,235,227,232.44,,,,,
2015-09-18,232.44,234.4,230.83,232.82,,,,,
2015-09-19,232.82,233.76,229.98,230.23,,,,,
2015-09-20,230.23,231.7,229.01,230.29,,,,,
2015-09-21,230.29,230.34,225,225.93,,,,,
2015-09-22,226.15,231.96,223.12,229.59,,,,,
2015-09-23,230.08,231.5,228,229.41,,,,,
2015-09-24,229.42,235.52,228.89,233.19,,,,,
2015-09-25,233.88,237.25,232.56,235.13,,,,,
2015-09-26,235.14,235.67,233,233.89,,,,,
2015-09-27,233.81,234.61,231.16,231.91,,,,,
2015-09-28,232.4,239.68,231.69,239,,,,,
2015-09-29,239.14,240.56,235.09,236.71,,,,,
2015-09-30,236.78,238.27,234.67,236.65,,,,,
2015-10-01,236.19,239.44,235.01,237.52,,,,,
2015-10-02,237.15,239.06,235,237.69,,,,,
2015-10-03,237.77,239.86,236.3,238.77,,,,,
2015-10-04,239.06,239.98,237.62,238.4,,,,,
2015-10-05,238.6,240.57,236.1,240.53,,,,,
2015-10-06,240.85,248.19,239.52,246.93,,,,,
2015-10-07,246.79,247.65,242.3,243.47,,,,,
2015-10-08,243.47,244.76,242.06,243.41,,,,,
2015-10-09,243.29,244.95,242.16,244.49,,,,,
2015-10-10,244.49,246.43,243,245.72,,,,,
2015-10-11,245.71,248.5,244.53,247.83,,,,,
2015-10-12,248.05,248.47,245.01,245.48,,,,,
2015-10-13,245.81,250.89,242.82,248.69,,,,,
2015-10-14,249.97,255.93,248.06,252.46,,,,,
2015-10-15,252.47,256.5,250.3,254.44,,,,,
2015-10-16,254.49,267,253.69,262.5,,,,,
2015-10-17,263.09,273,260.8,268.99,,,,,
2015-10-18,270.04,271.17,260,261,,,,,
2015-10-19,260.99,266.01,259.82,264.43,,,,,
2015-10-20,264.28,272.95,262.67,270.23,,,,,
2015-10-21,270.3,272.69,264,267.8,,,,,
2015-10-22,267.9,280.04,267.39,275.3,,,,,
2015-10-23,275.12,280.19,273.46,277.71,,,,,
2015-10-24,278.6,283,278.22,282.59,,,,,
2015-10-25,283.03,296,282.2,288.27,,,,,
2015-10-26,283.96,286.99,279.25,285.82,,,,,
2015-10-27,286.9,300,286.15,295.17,,,,,
2015-10-28,295.59,308.48,294.4,304.05,,,,,
2015-10-29,304.77,319.6,301.7,313.73,,,,,
2015-10-30,314.95,334.05,313.5,328.78,,,,,
2015-10-31,328.15,334.67,302.99,310.06,,,,,
2015-11-01,309.3,329.85,303.01,328.98,,,,,
2015-11-02,325.78,369.02,320,361.98,,,,,
2015-11-03,361.73,420.77,360.4,398.21,,,,,
2015-11-04,404.55,502,368.11,404.3,,,,,
2015-11-05,407.99,448.79,364.37,383.22,,,,,
2015-11-06,387.77,396.67,353.26,371.79,,,,,
2015-11-07,374.41,392.82,371.07,385.76,,,,,
2015-11-08,384.62,390.47,366.18,371.87,,,,,
2015-11-09,372.86,386.79,360.54,379.88,,,,,
2015-11-10,378.32,381.44,323.63,337.69,,,,,
2015-11-11,336.66,341.41,294,303,,,,,
2015-11-12,309.9,344.78,308.42,334.94,,,,,
2015-11-13,337.17,342,325,333.51,,,,,
2015-11-14,336.28,356.1,325.45,331.61,,,,,
2015-11-15,333.02,334.99,314.6,317,,,,,
2015-11-16,319.3,332.2,315,330.9,,,,,
2015-11-17,330.95,350.44,329,335.44,,,,,
2015-11-18,336,337.89,330.28,337.06,,,,,
2015-11-19,334.53,336.48,324.94,324.95,,,,,
2015-11-20,326.51,327.73,310,321.5,,,,,
2015-11-21,322.05,328.94,318.52,324.99,,,,,
2015-11-22,326.5,326.6,320.13,323.11,,,,,
2015-11-23,324.24,326.09,320.39,323.01,,,,,
2015-11-24,323.48,323.5,317,318.42,,,,,
2015-11-25,319.7,330.84,316,328.3,,,,,
2015-11-26,328.9,369.7,328.53,356.39,,,,,
2015-11-27,353.9,364.8,347.84,359.87,,,,,
2015-11-28,357.14,359.44,350.41,356.39,,,,,
2015-11-29,356.78,373.15,354.45,371.04,,,,,
2015-11-30,371.48,383,367.11,377.98,,,,,
2015-12-01,376.7,379,354.56,362.95,,,,,
2015-12-02,363.06,363.06,348.64,359.97,,,,,
2015-12-03,359.11,370.53,356.21,361.32,,,,,
2015-12-04,361.48,364.3,355.92,362.3,,,,,
2015-12-05,363.62,389.89,363,384.67,,,,,
2015-12-06,388,399.85,383,394.6,,,,,
2015-12-07,387.18,399.91,381.01,395.1,,,,,
2015-12-08,394.96,409,388.33,409,,,,,
2015-12-09,418.8,424.95,400,416.08,,,,,
2015-12-10,416.98,419.79,408.91,416.28,,,,,
2015-12-11,415.36,454.36,415.13,451.68,,,,,
2015-12-12,452.99,467.8,403,435.87,,,,,
2015-12-13,436.08,442.97,422.03,435.8,,,,,
2015-12-14,432.89,448.12,428.42,442.37,,,,,
2015-12-15,443.36,464.99,442.94,463.61,,,,,
2015-12-16,464.5,465,436.89,455.1,,,,,
2015-12-17,455.63,458.84,448.75,456.01,,,,,
2015-12-18,455.87,466.64,453.5,463,,,,,
2015-12-19,462.99,465.9,452.03,460.96,,,,,
2015-12-20,461.8,462,433.83,441.48,,,,,
2015-12-21,442.54,450,425.52,437.56,,,,,
2015-12-22,438.07,443.58,433.06,436.15,,,,,
2015-12-23,435.18,445.52,434.43,443.34,,,,,
2015-12-24,442.5,459.54,442.5,455.71,,,,,
2015-12-25,455.42,458.33,448,455.5,,,,,
2015-12-26,455.51,457.45,407.25,417.42,,,,,
2015-12-27,417.11,425.42,410.5,423.29,,,,,
2015-12-28,421.57,429.86,417.01,420.7,,,,,
2015-12-29,420.81,433.17,418.55,430.04,,,,,
2015-12-30,431.7,434.97,420.75,427.05,,,,,
2015-12-31,426.09,433.89,419.99,430.57,,,,,
2016-01-01,430.89,436,427.2,434.98,,,,,
2016-01-02,434.87,435.99,430.42,433.74,,,,,
2016-01-03,433.2,434.09,424.06,430.85,,,,,
2016-01-04,430.79,435.86,428.44,433.97,,,,,
2016-01-05,434.17,435.39,429.5,431.89,,,,,
2016-01-06,432.45,432.67,426.54,431.84,,,,,
2016-01-07,429.99,457.79,429.25,457.79,,,,,
2016-01-08,457,465,444.51,451.32,,,,,
2016-01-09,452.02,454,446.68,449.95,,,,,
2016-01-10,448.84,449.89,440.8,447.21,,,,,
2016-01-11,448.79,451.13,438,448.99,,,,,
2016-01-12,448,448,442.88,446.27,,,,,
2016-01-13,434.89,438.35,424.5,432.53,,,,,
2016-01-14,432.64,434,427,429.22,,,,,
2016-01-15,429.55,429.8,365,372.85,,,,,
2016-01-16,360,387.5,352,386.43,,,,,
2016-01-17,387.28,391.14,376,382.85,,,,,
2016-01-18,380.16,388.5,373.63,385,,,,,
2016-01-19,385.47,386.92,375.59,379.88,,,,,
2016-01-20,376.77,422.98,372.53,410.93,,,,,
2016-01-21,418.9,421.25,404.59,410.03,,,,,
2016-01-22,409.42,410.07,374.45,381.78,,,,,
2016-01-23,382.85,395,381.05,386.92,,,,,
2016-01-24,386.37,405.97,385.36,402.5,,,,,
2016-01-25,402.16,402.31,385.5,392.58,,,,,
2016-01-26,390.1,397.7,386.2,390.66,,,,,
2016-01-27,391.77,397,390.31,395,,,,,
2016-01-28,394.62,395.56,376,379.16,,,,,
2016-01-29,379.55,383.99,363.73,379.44,,,,,
2016-01-30,378.12,380.42,372.95,376.6,,,,,
2016-01-31,376.38,379.3,367.77,370,,,,,
2016-02-01,368.49,378.2,366.53,371.5,,,,,
2016-02-02,371.79,375,369.73,373.18,,,,,
2016-02-03,373.05,374,365,367.64,,,,,
2016-02-04,368.4,391.88,367.95,390,,,,,
2016-02-05,388,389.5,382.99,385.88,,,,,
2016-02-06,384.97,384.98,371.35,374.27,,,,,
2016-02-07,375.39,380,373.04,375.4,,,,,
2016-02-08,375,378.99,369.99,371.16,,,,,
2016-02-09,370.95,377,369.12,373.16,,,,,
2016-02-10,373.69,383.85,372.12,379.86,,,,,
2016-02-11,379.34,380.5,373.54,377.99,,,,,
2016-02-12,377.98,383,377.07,382.88,,,,,
2016-02-13,383,390.08,382,389.51,,,,,
2016-02-14,390.99,404,390.59,403.95,,,,,
2016-02-15,405.5,409.71,393.4,399,,,,,
2016-02-16,399.5,407.8,396,406.47,,,,,
2016-02-17,407.51,421.11,404,415.52,,,,,
2016-02-18,415.59,424.9,413.4,420.31,,,,,
2016-02-19,421.15,422,414,419.27,,,,,
2016-02-20,419.98,443.96,419.5,440.24,,,,,
2016-02-21,434.63,447.99,426,437.7,,,,,
2016-02-22,438.33,439.5,431.15,437.97,,,,,
2016-02-23,438.26,440,414,420.05,,,,,
2016-02-24,419.1,424.28,409.07,422.61,,,,,
2016-02-25,423.79,426.75,415.79,423.51,,,,,
2016-02-26,423.38,428.38,418.01,427.8,,,,,
2016-02-27,432,435,428.22,431.06,,,,,
2016-02-28,431.07,435,422.29,432.16,,,,,
2016-02-29,430.26,440.99,428.12,436.62,,,,,
2016-03-01,436.75,437.5,427.01,433.31,,,,,
2016-03-02,433.33,434.5,424,425.18,,,,,
2016-03-03,422.4,424.47,415.85,420.27,,,,,
2016-03-04,420.29,423.9,407.55,409.97,,,,,
2016-03-05,408.18,408.98,382,398.5,,,,,
2016-03-06,399.77,412.31,393.11,404.78,,,,,
2016-03-07,406.15,414.96,403.03,414.76,,,,,
2016-03-08,413.96,414.99,408.46,412.13,,,,,
2016-03-09,412.14,413.51,408.75,412.66,,,,,
2016-03-10,412.99,416.9,409.31,416.5,,,,,
2016-03-11,416,421.91,415.11,418.1,,,,,
2016-03-12,419.14,420.93,406.59,410.47,,,,,
2016-03-13,409.95,417,409.67,412.64,,,,,
2016-03-14,412.99,415.22,410.5,413.85,,,,,
2016-03-15,414.83,417.43,412.15,415.89,,,,,
2016-03-16,415.84,416.61,413.15,416.49,,,,,
2016-03-17,416.52,419,415.66,418.49,,,,,
2016-03-18,418.47,418.49,403.34,408.21,,,,,
2016-03-19,407.5,409.95,404.1,408.94,,,,,
2016-03-20,408.36,412,406.6,411.34,,,,,
2016-03-21,410.62,411.96,406.5,410.99,,,,,
2016-03-22,411.15,416.99,410.35,415.89,,,,,
2016-03-23,416.39,419,413.44,417.22,,,,,
2016-03-24,417.62,418.15,412.85,415.96,,,,,
2016-03-25,415.17,416.92,412,416.25,,,,,
2016-03-26,415.6,416.99,414,416.77,,,,,
2016-03-27,416.96,427.99,415.77,424.3,,,,,
2016-03-28,424.62,424.77,420.32,422.05,,,,,
2016-03-29,422.87,424.37,407.22,415.4,,,,,
2016-03-30,415.43,415.93,408.59,413.09,,,,,
2016-03-31,413.68,416.99,411.4,415.51,,,,,
2016-04-01,414.66,416.99,413.42,415.38,,,,,
2016-04-02,416.31,420,416.01,419.19,,,,,
2016-04-03,419.35,419.44,416.1,419,,,,,
2016-04-04,418.51,419.85,416,418.65,,,,,
2016-04-05,418.81,423,416.61,422.6,,,,,
2016-04-06,422.71,422.9,420,421.63,,,,,
2016-04-07,420.62,421.99,418.09,419.84,,,,,
2016-04-08,419.99,423.99,416.26,418.13,,,,,
2016-04-09,417.75,418.71,412,418.37,,,,,
2016-04-10,418.59,421.79,417.2,420.77,,,,,
2016-04-11,420.4,422.8,418,422.08,,,,,
2016-04-12,422.79,426.67,421,425.91,,,,,
2016-04-13,425.32,426,422.27,423.26,,,,,
2016-04-14,423.6,425.35,420.57,424.51,,,,,
2016-04-15,424.4,430,423.07,429.25,,,,,
2016-04-16,429.29,432.87,427.12,430.68,,,,,
2016-04-17,430.18,430.91,424.24,426.75,,,,,
2016-04-18,427.15,430.01,425.8,428.07,,,,,
2016-04-19,428.14,436.82,426.24,435.25,,,,,
2016-04-20,435.7,444,433.11,441.25,,,,,
2016-04-21,441.99,452.11,440,451,,,,,
2016-04-22,451,451.36,442.96,447.8,,,,,
2016-04-23,447.16,452.18,444.46,451.31,,,,,
2016-04-24,451.92,470.02,447.06,459.4,,,,,
2016-04-25,460.03,469.47,455.13,465.99,,,,,
2016-04-26,462.29,469.87,462.13,468,,,,,
2016-04-27,467.39,469.03,445.42,447.46,,,,,
2016-04-28,445.39,451,435,450,,,,,
2016-04-29,449.94,456,445.62,454.77,,,,,
2016-04-30,456.53,456.9,446.5,446.7,,,,,
2016-05-01,448.43,453.78,446.84,451.4,,,,,
2016-05-02,452.99,453.8,438.59,443.54,,,,,
2016-05-03,444.06,452,440.78,451.7,,,,,
2016-05-04,451.18,451.68,444.15,446.3,,,,,
2016-05-05,447.36,450,445.11,448.82,,,,,
2016-05-06,448.5,463.97,447.03,459.73,,,,,
2016-05-07,458.98,461,455.95,458.15,,,,,
2016-05-08,458.97,459.69,455.95,457.81,,,,,
2016-05-09,457.75,464.79,455.62,461.63,,,,,
2016-05-10,461.49,463,447.38,449.91,,,,,
2016-05-11,450.88,457.99,450.32,452.01,,,,,
2016-05-12,452.95,455.09,448.88,454.92,,,,,
2016-05-13,455.2,456.82,452.04,456.04,,,,,
2016-05-14,456.42,457.25,453.51,455.38,,,,,
2016-05-15,456.3,458.08,454.72,457.48,,,,,
2016-05-16,457.56,458,451.11,455.56,,,,,
2016-05-17,454,456.09,452.14,453.01,,,,,
2016-05-18,452.96,455.68,452.01,452.94,,,,,
2016-05-19,452.47,453.85,441.05,441.63,,,,,
2016-05-20,436.3,444.41,435.06,441.97,,,,,
2016-05-21,442.84,443.98,435.28,442.84,,,,,
2016-05-22,442.72,443.47,435,437.85,,,,,
2016-05-23,438.72,442.91,436.4,442.29,,,,,
2016-05-24,442.63,446.37,441,445.31,,,,,
2016-05-25,445.31,449.6,444.26,448.02,,,,,
2016-05-26,448.27,452.98,446.8,452.38,,,,,
2016-05-27,452.07,478.16,452.07,472.68,,,,,
2016-05-28,470.58,529.08,468,521.5,,,,,
2016-05-29,522.13,540,485,513.85,,,,,
2016-05-30,517.6,535,510.01,527,,,,,
2016-05-31,527.64,548.5,515,532.06,,,,,
2016-06-01,532.37,542.87,525.49,538.65,,,,,
2016-06-02,536.95,540,529.13,538.98,,,,,
2016-06-03,538,578.37,535.74,567.94,,,,,
2016-06-04,569.93,588.71,558.54,573.87,,,,,
2016-06-05,573.5,582,566,573.76,,,,,
2016-06-06,573.8,586.02,573.8,583.49,,,,,
2016-06-07,584.12,594.44,563,576.75,,,,,
2016-06-08,577.48,584.25,571.86,583.24,,,,,
2016-06-09,583.01,583.1,572.97,576.4,,,,,
2016-06-10,576.06,580,572,577.91,,,,,
2016-06-11,576.53,594,575.93,592.13,,,,,
2016-06-12,610,683.02,603.21,667.94,,,,,
2016-06-13,668.73,725,655.02,702.05,,,,,
2016-06-14,703.81,704.5,655,685.69,,,,,
2016-06-15,685.25,695.77,672.12,693.01,,,,,
2016-06-16,695,773.07,689.8,765.6,,,,,
2016-06-17,767.37,778.7,706.37,746.99,,,,,
2016-06-18,745,778.85,723.02,755.02,,,,,
2016-06-19,753.47,764.93,740.11,760.55,,,,,
2016-06-20,759.12,763.99,725,734.99,,,,,
2016-06-21,725,728.18,625,668.42,,,,,
2016-06-22,665.36,677.63,593.03,594.1,,,,,
2016-06-23,602.82,632.67,540.17,624.69,,,,,
2016-06-24,622.59,683.88,620.82,656.71,,,,,
2016-06-25,660.76,684.45,639.4,663.24,,,,,
2016-06-26,658.8,662.9,608.64,628.61,,,,,
2016-06-27,630.16,653.46,618.03,648.2,,,,,
2016-06-28,657.49,665.51,635.5,645.39,,,,,
2016-06-29,644.33,645,621.09,634.43,,,,,
2016-06-30,635.91,671.22,628.06,666.84,,,,,
2016-07-01,666.33,684.1,659.71,677,,,,,
2016-07-02,674.55,704.93,672.74,702.48,,,,,
2016-07-03,702.48,704.99,646.29,664.14,,,,,
2016-07-04,659.77,682.35,640.1,678.72,,,,,
2016-07-05,678.74,682.36,661.57,666.58,,,,,
2016-07-06,669.09,679,662.13,674.46,,,,,
2016-07-07,674.7,678.43,605.5,636.39,,,,,
2016-07-08,638.89,665,635,664,,,,,
2016-07-09,663,663.99,626,652.54,,,,,
2016-07-10,647.78,650.88,636.8,646.55,,,,,
2016-07-11,648.77,659.6,639.31,647.42,,,,,
2016-07-12,649.32,678,646.05,671.7,,,,,
2016-07-13,663.52,669.97,654.52,661.5,,,,,
2016-07-14,652.24,664.93,650.01,660.53,,,,,
2016-07-15,660.3,670.01,658.41,664.99,,,,,
2016-07-16,664.6,666.67,655,662,,,,,
2016-07-17,662.45,684.19,661.35,678.23,,,,,
2016-07-18,679.54,682.21,666.12,673.46,,,,,
2016-07-19,673.45,675.81,666,673.86,,,,,
2016-07-20,674.8,675,660,667.02,,,,,
2016-07-21,667.01,667.1,660.1,664.25,,,,,
2016-07-22,663.25,666.3,645,652.95,,,,,
2016-07-23,647.88,656.77,646,653.8,,,,,
2016-07-24,655.52,665,651.99,659.51,,,,,
2016-07-25,659.64,661.99,652.28,654.37,,,,,
2016-07-26,655,656.94,645.01,652.22,,,,,
2016-07-27,651.22,659.98,646.31,655.63,,,,,
2016-07-28,655.13,657.89,652.41,653.44,,,,,
2016-07-29,654.84,657.48,653,657.03,,,,,
2016-07-30,654.88,657.5,652.19,654.37,,,,,
2016-07-31,654.02,654.71,620.01,620.01,,,,,
2016-08-01,622.5,630,604,607.61,,,,,
2016-08-02,606.84,613.03,465.28,514.98,,,,,
2016-08-03,540.03,572.34,521,565.63,,,,,
2016-08-04,563.99,583.97,552,575.52,,,,,
2016-08-05,578.14,578.2,562,576.64,,,,,
2016-08-06,572.98,592,562.56,588.78,,,,,
2016-08-07,589.47,598.82,582.12,592.6,,,,,
2016-08-08,592.47,594,583.58,589.46,,,,,
2016-08-09,591.85,591.85,579.43,583.53,,,,,
2016-08-10,582.71,603,580.01,591.7,,,,,
2016-08-11,590.46,597.78,585.23,587.57,,,,,
2016-08-12,585.25,591.19,580.47,586,,,,,
2016-08-13,585.34,589.98,581.71,582.11,,,,,
2016-08-14,583.52,583.92,556.24,567.45,,,,,
2016-08-15,568.76,573.69,554.9,565.79,,,,,
2016-08-16,564.2,579.8,563,577.53,,,,,
2016-08-17,574.95,577.86,566.02,570.47,,,,,
2016-08-18,570.91,575.87,568.79,569.71,,,,,
2016-08-19,571.51,574.86,552.3,572.11,,,,,
2016-08-20,572.98,580,568.52,580,,,,,
2016-08-21,577.7,583.99,576.01,578.47,,,,,
2016-08-22,577.55,585.95,572.5,583.85,,,,,
2016-08-23,582.78,584.99,576,580.71,,,,,
2016-08-24,580.27,582.1,575.4,577.11,,,,,
2016-08-25,577.65,578.75,571.16,576.99,,,,,
2016-08-26,575.75,582.46,574.1,577.84,,,,,
2016-08-27,577.92,579.09,564.81,567.41,,,,,
2016-08-28,567.51,573,566.8,573,,,,,
2016-08-29,573.2,575,568.6,571.5,,,,,
2016-08-30,570.74,576.5,568.55,575.23,,,,,
2016-08-31,575.88,576.49,568.4,570.76,,,,,
2016-09-01,570.75,572.86,566.86,571.6,,,,,
2016-09-02,571.05,574.2,567.03,572,,,,,
2016-09-03,572,598.64,569.01,592.5,,,,,
2016-09-04,596.25,609.05,590.88,604.25,,,,,
2016-09-05,605.72,607.31,592.46,603.74,,,,,
2016-09-06,604.98,609.74,601,608.96,,,,,
2016-09-07,608.93,615.92,604.7,614.39,,,,,
2016-09-08,614.44,628.98,611.66,625.66,,,,,
2016-09-09,625.67,627.49,612.93,622,,,,,
2016-09-10,622.01,625,618.67,622.01,,,,,
2016-09-11,621.65,628.99,594.63,603.8,,,,,
2016-09-12,604.08,609.15,602,607,,,,,
2016-09-13,606.4,609.61,603.28,607.73,,,,,
2016-09-14,607.45,610.69,605.98,607.89,,,,,
2016-09-15,608.5,608.99,602.3,605.21,,,,,
2016-09-16,606.65,608.99,603.5,605.9,,,,,
2016-09-17,607.04,607.59,601.1,604.04,,,,,
2016-09-18,602.93,609.06,601.97,608,,,,,
2016-09-19,608,609.5,603,607.88,,,,,
2016-09-20,608.73,608.88,605.35,606.95,,,,,
2016-09-21,601,601.01,592.1,594.66,,,,,
2016-09-22,595.46,596.42,592.5,593.95,,,,,
2016-09-23,595.42,602.9,593,602.53,,,,,
2016-09-24,600.47,603.59,597.76,600.14,,,,,
2016-09-25,600.05,601.99,596,597.41,,,,,
2016-09-26,598.95,607.27,596.1,604.28,,,,,
2016-09-27,606.7,608.37,600.02,604.57,,,,,
2016-09-28,604.26,605.3,601.41,603.71,,,,,
2016-09-29,603.93,605.99,601,604.96,,,,,
2016-09-30,605.59,608.38,603.15,608.26,,,,,
2016-10-01,608.23,614.28,608.23,612,,,,,
2016-10-02,612.98,613,605,608.59,,,,,
2016-10-03,608.6,611.59,606.6,611.06,,,,,
2016-10-04,612.84,612.84,604.99,607.18,,,,,
2016-10-05,607.19,612,605.76,610.98,,,,,
2016-10-06,608.01,610.5,607.09,610.34,,,,,
2016-10-07,610.25,616.34,607.52,614.23,,,,,
2016-10-08,614.88,616.99,612.5,614.48,,,,,
2016-10-09,614.34,614.98,610,613.61,,,,,
2016-10-10,612.12,616.47,612.12,615.37,,,,,
2016-10-11,616.37,639,614.56,638.91,,,,,
2016-10-12,638.3,640,628.76,635.06,,,,,
2016-10-13,634.5,636,630,635.61,,,,,
2016-10-14,635.16,639.99,630.45,638.38,,,,,
2016-10-15,638.2,642,635.25,636.01,,,,,
2016-10-16,635.26,641.4,635.18,638.09,,,,,
2016-10-17,638.97,639.99,632.1,635.69,,,,,
2016-10-18,636.96,637.8,631.52,635.58,,,,,
2016-10-19,635.95,638.04,624.13,627.98,,,,,
2016-10-20,627.84,630.22,625,627.72,,,,,
2016-10-21,628.05,632.36,627.5,628.99,,,,,
2016-10-22,628.99,656,628.57,655,,,,,
2016-10-23,654.52,656,647.51,649.69,,,,,
2016-10-24,648.71,652.25,640,648.14,,,,,
2016-10-25,649.03,657.58,643,648.33,,,,,
2016-10-26,651.97,677,651.69,673.14,,,,,
2016-10-27,674.63,685.89,665.59,682.67,,,,,
2016-10-28,684.68,687.23,677.05,685.29,,,,,
2016-10-29,685.91,717.99,684.89,712.06,,,,,
2016-10-30,711.1,711.78,691.49,696.36,,,,,
2016-10-31,697.1,706.97,683.6,697.67,,,,,
2016-11-01,697.04,737,695.38,726.6,,,,,
2016-11-02,726.6,735.93,717.32,732.99,,,,,
2016-11-03,742,745.19,670.32,681.03,,,,,
2016-11-04,684.84,707.67,681,702.98,,,,,
2016-11-05,702.95,707.34,694.71,703.63,,,,,
2016-11-06,703.33,714.36,697.92,710.22,,,,,
2016-11-07,709.92,709.92,698.26,706.5,,,,,
2016-11-08,702.86,712.92,701.02,710.19,,,,,
2016-11-09,708.17,740.86,705.45,720.44,,,,,
2016-11-10,721.5,722,707,714.5,,,,,
2016-11-11,714.48,720.94,712.24,715.82,,,,,
2016-11-12,716.39,716.39,701,703,,,,,
2016-11-13,701.17,702.89,683.23,701.51,,,,,
2016-11-14,700.38,705.89,697.14,704.7,,,,,
2016-11-15,704.98,716.54,703.05,710.82,,,,,
2016-11-16,711.07,742.87,708.44,737.99,,,,,
2016-11-17,739.71,749.98,732.22,737,,,,,
2016-11-18,736,752.95,731.31,745.99,,,,,
2016-11-19,748.98,755.07,742.63,749.57,,,,,
2016-11-20,750.09,753.82,714,727.09,,,,,
2016-11-21,727.09,739.2,727.03,736.97,,,,,
2016-11-22,736.92,750,730.27,746.61,,,,,
2016-11-23,749.13,749.98,729.92,740.17,,,,,
2016-11-24,740.18,741.15,729,735.7,,,,,
2016-11-25,735.63,737.03,728,737.03,,,,,
2016-11-26,736.96,737.56,722.3,729.87,,,,,
2016-11-27,729.91,732,722.44,726.12,,,,,
2016-11-28,727.32,732.44,724.1,730.98,,,,,
2016-11-29,730.99,733.29,721,730.99,,,,,
2016-11-30,730.72,744.49,727,742.06,,,,,
2016-12-01,742.06,754.98,740.18,751.6,,,,,
2016-12-02,751.55,778.07,750.77,769.99,,,,,
2016-12-03,770.91,770.99,752.41,762.79,,,,,
2016-12-04,762.97,762.97,752.41,761.99,,,,,
2016-12-05,762,762.09,743,750,,,,,
2016-12-06,749.51,759.9,747.99,758.91,,,,,
2016-12-07,758.97,769.61,751.78,766.85,,,,,
2016-12-08,764.05,772.01,762.29,767.96,,,,,
2016-12-09,766.84,773.99,766.29,769.49,,,,,
2016-12-10,769.57,774.12,768.11,772.35,,,,,
2016-12-11,772.28,772.28,764.01,768.19,,,,,
2016-12-12,768.97,779,768.96,777.93,,,,,
2016-12-13,777,793.27,765.1,778.71,,,,,
2016-12-14,775.35,781,770.74,776.29,,,,,
2016-12-15,777.03,779.08,771,774.79,,,,,
2016-12-16,776.3,782.46,771.24,780.35,,,,,
2016-12-17,781.32,790.88,780.36,788.4,,,,,
2016-12-18,788.3,790.99,780,788.68,,,,,
2016-12-19,788.34,794.39,787.01,790.65,,,,,
2016-12-20,791.03,803,787.1,801.02,,,,,
2016-12-21,798.65,830.01,796.82,828.1,,,,,
2016-12-22,832.02,875,827.29,858.94,,,,,
2016-12-23,858.94,920,858.93,916,,,,,
2016-12-24,914.48,918.5,878.89,892.63,,,,,
2016-12-25,892.61,894.97,859,891.67,,,,,
2016-12-26,890.65,905.18,888,899.1,,,,,
2016-12-27,897.82,936.42,891,929.92,,,,,
2016-12-28,930.34,975.97,929.49,975.97,,,,,
2016-12-29,976.46,980.74,950,968.99,,,,,
2016-12-30,969.99,970,931,959.03,,,,,
2016-12-31,959.54,966.37,944.11,964.32,,,,,
2017-01-01,966.34,1005,960.53,998.8,,,,,
2017-01-02,997.75,1032,990.01,1014.1,,,,,
2017-01-03,1011.44,1039,999.99,1036.99,,,,,
2017-01-04,1035.51,1139.89,1028.56,1122.56,,,,,
2017-01-05,1114.38,1136.72,885.41,994.02,,,,,
2017-01-06,1004.73,1026.99,871,891.56,,,,,
2017-01-07,894.02,906,812.28,897.14,,,,,
2017-01-08,906.2,941.81,881.3,906.17,,,,,
2017-01-09,909.8,912.87,875,899.99,,,,,
2017-01-10,896.09,912.47,889.41,907.96,,,,,
2017-01-11,905.05,918.4,755,788.81,,,,,
2017-01-12,778.7,832.99,751.34,816,,,,,
2017-01-13,807.51,831.4,775,826.9,,,,,
2017-01-14,825.98,837.76,810,819.66,,,,,
2017-01-15,819.52,823.45,808,822.47,,,,,
2017-01-16,821.86,835,818.09,829.62,,,,,
2017-01-17,831.76,908.5,827,906.08,,,,,
2017-01-18,905.95,915.99,851.74,876.74,,,,,
2017-01-19,887.69,910,878.89,900.46,,,,,
2017-01-20,902.23,902.43,880,895.62,,,,,
2017-01-21,895.81,928,895,921.1,,,,,
2017-01-22,921.98,937.74,886.76,919.39,,,,,
2017-01-23,923.75,927.57,913.21,921.39,,,,,
2017-01-24,913.15,923,886.27,893,,,,,
2017-01-25,885.47,904.01,884.5,892.95,,,,,
2017-01-26,893.25,919.49,892.86,916.34,,,,,
2017-01-27,914.95,924.88,908.01,917.84,,,,,
2017-01-28,918.02,920.99,913.08,917.75,,,,,
2017-01-29,918.6,919.99,910.45,913.1,,,,,
2017-01-30,913.12,923,910,921.08,,,,,
2017-01-31,919.99,970,917.5,965.01,,,,,
2017-02-01,963.99,986.96,962,983.36,,,,,
2017-02-02,983.79,1011.65,973.12,1008.18,,,,,
2017-02-03,1009.15,1022.64,987.01,1012.64,,,,,
2017-02-04,1015.06,1044.23,1004,1034.44,,,,,
2017-02-05,1033.72,1034.6,1004.7,1014.57,,,,,
2017-02-06,1010.03,1031.94,1005.1,1023.7,,,,,
2017-02-07,1024,1056.25,1021.3,1054.12,,,,,
2017-02-08,1052.48,1070,1025,1056.99,,,,,
2017-02-09,1051.73,1074.69,913.73,981.96,,,,,
2017-02-10,985.71,1010.68,950,997.57,,,,,
2017-02-11,995.49,1020,987.62,1011.98,,,,,
2017-02-12,1011.01,1011.97,991.98,1001.63,,,,,
2017-02-13,1000.73,1007.89,975.1,1000.25,,,,,
2017-02-14,1000.74,1019,987.97,1011.51,,,,,
2017-02-15,1008.88,1013.8,1000.97,1011.53,,,,,
2017-02-16,1011.53,1043.21,1010.75,1032.7,,,,,
2017-02-17,1032.7,1064.99,1031.98,1055.46,,,,,
2017-02-18,1055.46,1068.99,1046.14,1056.4,,,,,
2017-02-19,1056.4,1061.9,1039.07,1051.8,,,,,
2017-02-20,1051.8,1089.99,1044.39,1084,,,,,
2017-02-21,1084,1126.86,1077,1124.62,,,,,
2017-02-22,1124.62,1143,1098.16,1130.01,,,,,
2017-02-23,1130.01,1193.92,1120.73,1188.11,,,,,
2017-02-24,1188.11,1220,1091.1,1180.14,,,,,
2017-02-25,1180.14,1184.73,1127,1152.2,,,,,
2017-02-26,1152.2,1184.97,1133,1179.05,,,,,
2017-02-27,1179.05,1197.99,1169,1194.64,,,,,
2017-02-28,1194.64,1209.99,1176.27,1191.21,,,,,
2017-03-01,1191.21,1231,1188.3,1226.39,,,,,
2017-03-02,1226.39,1283.25,1215,1257.6,,,,,
2017-03-03,1257.6,1298,1255,1285.33,,,,,
2017-03-04,1285.33,1289.55,1230,1260,,,,,
2017-03-05,1260,1275,1240,1273,,,,,
2017-03-06,1273,1285,1251,1278.49,,,,,
2017-03-07,1278.49,1281.62,1175.97,1233.05,,,,,
2017-03-08,1233.05,1245.49,1145.5,1150.05,,,,,
2017-03-09,1150.05,1208,1135.01,1190.89,,,,,
2017-03-10,1190.89,1350,975,1116.97,,,,,
2017-03-11,1116.97,1198,1106.51,1176.55,,,,,
2017-03-12,1176.55,1241.85,1170.9,1226.62,,,,,
2017-03-13,1226.62,1249.02,1215.43,1242.46,,,,,
2017-03-14,1242.46,1260,1226.5,1245.86,,,,,
2017-03-15,1245.86,1260,1238.32,1257.32,,,,,
2017-03-16,1257.32,1258.96,1130,1172.62,,,,,
2017-03-17,1172.62,1173.23,1063,1071.02,,,,,
2017-03-18,1071.02,1099,944.36,969.4,,,,,
2017-03-19,969.4,1063.7,969.4,1017.97,,,,,
2017-03-20,1017.97,1053,1010.01,1035.96,,,,,
2017-03-21,1035.96,1117.9,1034.92,1114.39,,,,,
2017-03-22,1114.39,1114.39,988,1037.56,,,,,
2017-03-23,1037.56,1054.4,1010.69,1029.65,,,,,
2017-03-24,1029.65,1032,920,929.06,,,,,
2017-03-25,929.06,963.36,891.33,956.02,,,,,
2017-03-26,956.02,997,937.52,960,,,,,
2017-03-27,960,1043,952.95,1039.92,,,,,
2017-03-28,1039.92,1068.26,1014.9,1043.99,,,,,
2017-03-29,1043.99,1059.43,1008.16,1035.96,,,,,
2017-03-30,1035.96,1050.17,1017.14,1033.7,,,,,
2017-03-31,1033.7,1081,1031.43,1070.31,,,,,
2017-04-01,1070.31,1097,1061.64,1083.94,,,,,
2017-04-02,1083.94,1100,1066.49,1078.01,,,,,
2017-04-03,1078.01,1152,1076.19,1144.77,,,,,
2017-04-04,1144.77,1162.93,1118.85,1143,,,,,
2017-04-05,1143,1145,1111,1134.58,,,,,
2017-04-06,1134.58,1201.37,1134.36,1190.85,,,,,
2017-04-07,1190.85,1202,1176,1190.66,,,,,
2017-04-08,1190.66,1197.3,1166.66,1184.03,,,,,
2017-04-09,1184.03,1216.87,1173.98,1206.2,,,,,
2017-04-10,1206.2,1219.71,1195,1209.25,,,,,
2017-04-11,1209.25,1229,1198.02,1218.99,,,,,
2017-04-12,1218.99,1224.57,1208,1212.17,,,,,
2017-04-13,1212.17,1219.45,1141,1172.91,,,,,
2017-04-14,1172.91,1193,1142,1170.34,,,,,
2017-04-15,1170.34,1192.5,1165,1173.45,,,,,
2017-04-16,1173.45,1179.3,1150,1162.31,,,,,
2017-04-17,1162.31,1192.5,1161,1176.54,,,,,
2017-04-18,1176.54,1210,1175.95,1202.58,,,,,
2017-04-19,1202.58,1209.99,1190,1203.98,,,,,
2017-04-20,1203.98,1243.88,1201.66,1234.19,,,,,
2017-04-21,1234.19,1252.32,1231.65,1243.61,,,,,
2017-04-22,1243.61,1247.15,1199,1233.2,,,,,
2017-04-23,1233.2,1248.99,1223.42,1241.99,,,,,
2017-04-24,1241.99,1254,1234,1253.58,,,,,
2017-04-25,1253.58,1280,1251.07,1269,,,,,
2017-04-26,1269,1330,1265,1287.99,,,,,
2017-04-27,1287.99,1342.02,1285,1331.53,,,,,
2017-04-28,1331.53,1347.02,1299,1330.7,,,,,
2017-04-29,1330.7,1342.8,1316,1333,,,,,
2017-04-30,1333,1356,1315.68,1350.21,,,,,
2017-05-01,1350.21,1425,1341.22,1390.86,,,,,
2017-05-02,1390.86,1481.73,1388,1447.75,,,,,
2017-05-03,1447.75,1516.04,1431.02,1503.22,,,,,
2017-05-04,1503.22,1623.01,1444.94,1537.23,,,,,
2017-05-05,1537.23,1609,1495,1514.9,,,,,
2017-05-06,1514.9,1578.97,1505,1558.02,,,,,
2017-05-07,1558.02,1565,1525,1554.01,,,,,
2017-05-08,1554.01,1653.97,1554.01,1649.54,,,,,
2017-05-09,1649.54,1760.4,1616.05,1720.28,,,,,
2017-05-10,1720.28,1794.21,1682,1772.58,,,,,
2017-05-11,1772.58,1892,1745.01,1828.45,,,,,
2017-05-12,1828.45,1832,1650,1691.51,,,,,
2017-05-13,1691.51,1785.82,1601.46,1776.89,,,,,
2017-05-14,1776.89,1815,1753,1784,,,,,
2017-05-15,1784,1784,1682.56,1705.48,,,,,
2017-05-16,1705.48,1750,1641.22,1700.01,,,,,
2017-05-17,1700.01,1840.42,1670.01,1782.99,,,,,
2017-05-18,1782.99,1881.8,1766.33,1878.99,,,,,
2017-05-19,1878.99,1969.99,1874.99,1958,,,,,
2017-05-20,1958,2021,1914,2013.99,,,,,
2017-05-21,2013.99,2063.11,1961.52,2017.55,,,,,
2017-05-22,2017.55,2230.34,2008.75,2099.97,,,,,
2017-05-23,2099.97,2275,2088.45,2264.23,,,,,
2017-05-24,2264.23,2481.75,2264.23,2420.29,,,,,
2017-05-25,2420.29,2760.1,2221,2292.53,,,,,
2017-05-26,2292.53,2599.12,2060,2279.82,,,,,
2017-05-27,2279.82,2339.94,1850,2042,,,,,
2017-05-28,2042,2313.96,2041.48,2178.81,,,,,
2017-05-29,2178.81,2350,2110,2292.1,,,,,
2017-05-30,2292.1,2339.08,2160,2203.51,,,,,
2017-05-31,2203.51,2334,2154.28,2298.01,,,,,
2017-06-01,2298.01,2456.39,2296.81,2413.63,,,,,
2017-06-02,2413.63,2489,2370.03,2488.94,,,,,
2017-06-03,2488.94,2584.34,2445,2540.94,,,,,
2017-06-04,2540.94,2569,2460,2530.27,,,,,
2017-06-05,2530.27,2699.35,2525.28,2698,,,,,
2017-06-06,2698,2933,2689.4,2880.74,,,,,
2017-06-07,2880.74,2893.28,2612.5,2683.03,,,,,
2017-06-08,2683.03,2815,2613.13,2806,,,,,
2017-06-09,2806,2868.23,2780.43,2822.32,,,,,
2017-06-10,2822.32,2912.98,2800,2899.99,,,,,
2017-06-11,2899.99,2967.46,2861.53,2954.22,,,,,
2017-06-12,2954.22,2980,2480.03,2667.06,,,,,
2017-06-13,2667.06,2783.62,2638.62,2703.02,,,,,
2017-06-14,2703.02,2801,2320,2450,,,,,
2017-06-15,2450,2516.2,2120,2424.91,,,,,
2017-06-16,2424.91,2540,2307.66,2484.68,,,,,
2017-06-17,2484.68,2674.4,2420.53,2630,,,,,
2017-06-18,2630,2665,2460.62,2516.98,,,,,
2017-06-19,2516.98,2598,2480.96,2598,,,,,
2017-06-20,2598,2783,2581,2740,,,,,
2017-06-21,2740,2789,2611,2657.04,,,,,
2017-06-22,2657.04,2740,2594.61,2713.48,,,,,
2017-06-23,2713.48,2745,2657.46,2685.05,,,,,
2017-06-24,2685.05,2724.96,2512.13,2557.66,,,,,
2017-06-25,2557.66,2635.72,2432,2502.03,,,,,
2017-06-26,2502.03,2550.03,2315.01,2421.22,,,,,
2017-06-27,2421.22,2565,2291,2565,,,,,
2017-06-28,2565,2593,2468.01,2559.9,,,,,
2017-06-29,2559.9,2594.78,2500.31,2541.59,,,,,
2017-06-30,2541.59,2564.58,2451,2465.49,,,,,
2017-07-01,2465.49,2517.11,2390,2412.41,,,,,
2017-07-02,2412.41,2528.72,2374.34,2504.37,,,,,
2017-07-03,2504.37,2595,2472.68,2550.47,,,,,
2017-07-04,2550.47,2639.47,2540.07,2596.12,,,,,
2017-07-05,2596.12,2623,2530.1,2602.9,,,,,
2017-07-06,2602.9,2614,2522,2600.39,,,,,
2017-07-07,2600.39,2605,2475,2501.46,,,,,
2017-07-08,2501.46,2555,2462,2550.07,,,,,
2017-07-09,2550.07,2564.65,2500.5,2502.28,,,,,
2017-07-10,2502.28,2527.88,2261.85,2323.45,,,,,
2017-07-11,2323.45,2399,2242.62,2305.98,,,,,
2017-07-12,2305.98,2408.84,2239.54,2388,,,,,
2017-07-13,2388,2425.16,2312.93,2339.99,,,,,
2017-07-14,2339.99,2357.84,2140,2213.37,,,,,
2017-07-15,2213.37,2219.99,1967.65,1970.51,,,,,
2017-07-16,1970.51,2044.44,1830,1917.63,,,,,
2017-07-17,1917.63,2229.97,1910.57,2226,,,,,
2017-07-18,2226,2392,2164,2303.71,,,,,
2017-07-19,2303.71,2402.5,2223,2265.21,,,,,
2017-07-20,2265.21,2938,2265.21,2875.03,,,,,
2017-07-21,2875.03,2887.45,2611.39,2670,,,,,
2017-07-22,2670,2882,2644.59,2832.71,,,,,
2017-07-23,2832.71,2855,2640,2749.02,,,,,
2017-07-24,2749.02,2800,2701,2759.98,,,,,
2017-07-25,2759.98,2775.79,2450,2564.82,,,,,
2017-07-26,2564.82,2608.96,2400,2524.99,,,,,
2017-07-27,2524.99,2695,2509.63,2666.33,,,,,
2017-07-28,2666.33,2825,2655.82,2777.01,,,,,
2017-07-29,2777.01,2785.65,2631.78,2680.56,,,,,
2017-07-30,2680.56,2774.45,2569.69,2742.37,,,,,
2017-07-31,2742.37,2889.99,2680.01,2855.81,,,,,
2017-08-01,2855.81,2929.17,2615,2731,,,,,
2017-08-02,2731,2760,2650,2703.51,,,,,
2017-08-03,2703.51,2807.44,2698.83,2793.37,,,,,
2017-08-04,2793.37,2877.52,2765.91,2855,,,,,
2017-08-05,2855,3339.66,2848.32,3263.62,,,,,
2017-08-06,3263.62,3296.51,3146.1,3222.75,,,,,
2017-08-07,3222.75,3430,3186,3387.55,,,,,
2017-08-08,3387.55,3490,3300,3412.41,,,,,
2017-08-09,3412.41,3423.1,3178.72,3342.99,,,,,
2017-08-10,3342.99,3448,3311.17,3413.03,,,,,
2017-08-11,3413.03,3705,3390.67,3645.06,,,,,
2017-08-12,3645.06,3934,3586.95,3855.1,,,,,
2017-08-13,3855.1,4190,3841.71,4053.87,,,,,
2017-08-14,4053.87,4329.43,3964.96,4306.23,,,,,
2017-08-15,4306.23,4400,3800,4155.67,,,,,
2017-08-16,4155.67,4379.78,3926.06,4378.84,,,,,
2017-08-17,4378.84,4480,4167.21,4276.5,,,,,
2017-08-18,4276.5,4368,3964.96,4100,,,,,
2017-08-19,4100,4188,3900,4099.55,,,,,
2017-08-20,4099.55,4125.95,4000,4058.68,,,,,
2017-08-21,4058.68,4080,3949.78,3987.52,,,,,
2017-08-22,3987.52,4139.31,3600,4085,,,,,
2017-08-23,4085,4248.97,4051.94,4108.12,,,,,
2017-08-24,4108.12,4350,4082.57,4300.34,,,,,
2017-08-25,4300.34,4449.98,4270,4355.98,,,,,
2017-08-26,4355.98,4369.78,4232.43,4333.38,,,,,
2017-08-27,4333.38,4393.3,4290.32,4337.68,,,,,
2017-08-28,4337.68,4399.72,4169.01,4379.99,,,,,
2017-08-29,4379.99,4649.78,4336.26,4578.82,,,,,
2017-08-30,4578.82,4642.22,4479,4573.2,,,,,
2017-08-31,4573.2,4765.21,4566.66,4734.26,,,,,
2017-09-01,4734.26,4935,4671.09,4921.7,,,,,
2017-09-02,4921.7,4979.9,4488.5,4599.9,,,,,
2017-09-03,4599.9,4700,4385,4606.26,,,,,
2017-09-04,4606.26,4613.97,4058.5,4277,,,,,
2017-09-05,4277,4474.88,4001.93,4396.52,,,,,
2017-09-06,4396.52,4649.23,4356.42,4605.8,,,,,
2017-09-07,4605.8,4674.34,4475,4615,,,,,
2017-09-08,4615,4679.97,4125.99,4312,,,,,
2017-09-09,4312,4379.78,4164,4308.72,,,,,
2017-09-10,4308.72,4322.44,4010,4226.22,,,,,
2017-09-11,4226.22,4353.49,4092.4,4207.31,,,,,
2017-09-12,4207.31,4377.65,4080,4172.56,,,,,
2017-09-13,4172.56,4179.14,3720.01,3865.34,,,,,
2017-09-14,3865.34,3921.74,3210,3227.79,,,,,
2017-09-15,3227.79,3820,2977,3700.01,,,,,
2017-09-16,3700.01,3872.9,3500,3678.93,,,,,
2017-09-17,3678.93,3772.52,3463,3662.99,,,,,
2017-09-18,3662.99,4122.7,3659.42,4101.6,,,,,
2017-09-19,4101.6,4119.7,3848.35,3888.8,,,,,
2017-09-20,3888.8,4050,3820.56,3874.46,,,,,
2017-09-21,3874.46,3914,3573,3617.05,,,,,
2017-09-22,3617.05,3761.84,3514,3612.18,,,,,
2017-09-23,3612.18,3810.25,3552,3779.17,,,,,
2017-09-24,3779.17,3783.25,3615,3664.22,,,,,
2017-09-25,3664.22,3968.59,3658.39,3918,,,,,
2017-09-26,3918,3970,3850.61,3888.03,,,,,
2017-09-27,3888.03,4226.73,3870,4199.29,,,,,
2017-09-28,4199.29,4270.01,4123.5,4184.84,,,,,
2017-09-29,4184.84,4227.62,4022.02,4164.82,,,,,
2017-09-30,4164.82,4349,4154.28,4326.09,,,,,
2017-10-01,4326.09,4377.22,4216,4377.22,,,,,
2017-10-02,4377.22,4453,4352,4391.48,,,,,
2017-10-03,4391.48,4425,4218,4315.83,,,,,
2017-10-04,4315.83,4343,4170.07,4219.53,,,,,
2017-10-05,4219.53,4358.97,4137.96,4301.09,,,,,
2017-10-06,4301.09,4425,4278.4,4362.95,,,,,
2017-10-07,4362.95,4463,4312.82,4423.3,,,,,
2017-10-08,4423.3,4612,4404.5,4597.98,,,,,
2017-10-09,4597.98,4865,4541,4764.7,,,,,
2017-10-10,4764.7,4909.97,4700,4749.29,,,,,
2017-10-11,4749.29,4869.78,4700,4822.01,,,,,
2017-10-12,4822.01,5445,4793.66,5445,,,,,
2017-10-13,5445,5846.43,5380,5653.6,,,,,
2017-10-14,5653.6,5817.34,5558.26,5801.29,,,,,
2017-10-15,5801.29,5830,5415,5679.7,,,,,
2017-10-16,5679.7,5807.11,5548,5745.72,,,,,
2017-10-17,5745.72,5776.31,5506.78,5597.31,,,,,
2017-10-18,5597.31,5617.75,5101.36,5582.05,,,,,
2017-10-19,5582.05,5735.14,5512.06,5698.69,,,,,
2017-10-20,5698.69,6074,5589.8,5977.29,,,,,
2017-10-21,5977.29,6180,5871,6013.46,,,,,
2017-10-22,6013.46,6071.07,5700,5969,,,,,
2017-10-23,5969,6045.34,5617.75,5871.17,,,,,
2017-10-24,5871.17,5871.17,5453.01,5523.4,,,,,
2017-10-25,5523.4,5748,5366,5735.88,,,,,
2017-10-26,5735.88,5988,5683,5890,,,,,
2017-10-27,5890,5994.06,5674.06,5771.89,,,,,
2017-10-28,5771.89,5875.66,5646.18,5730.69,,,,,
2017-10-29,5730.69,6316.85,5683,6137.37,,,,,
2017-10-30,6137.37,6229.77,6024.03,6119.99,,,,,
2017-10-31,6119.99,6449.78,6072.81,6434.21,,,,,
2017-11-01,6434.21,6756.36,6340.01,6741.59,,,,,
2017-11-02,6741.59,7354.1,6700,7030,,,,,
2017-11-03,7030,7500,6925.22,7146.82,,,,,
2017-11-04,7146.82,7569.9,6994,7388.83,,,,,
2017-11-05,7388.83,7590,7275.16,7372.72,,,,,
2017-11-06,7372.72,7421.39,6922.07,6967.68,,,,,
2017-11-07,6967.68,7244.69,6945,7130.28,,,,,
2017-11-08,7130.28,7888,7080.01,7450.32,,,,,
2017-11-09,7450.32,7490,7061.2,7148,,,,,
2017-11-10,7148,7343.18,6429.44,6588.18,,,,,
2017-11-11,6588.18,6820,6218,6355.13,,,,,
2017-11-12,6355.13,6488.88,5555.55,5870.37,,,,,
2017-11-13,5870.37,6775.75,5846,6525.17,,,,,
2017-11-14,6525.17,6750,6466.88,6609,,,,,
2017-11-15,6609,7350,6609,7294,,,,,
2017-11-16,7294,7976.79,7120.85,7846.96,,,,,
2017-11-17,7846.96,7997,7528.5,7674.99,,,,,
2017-11-18,7674.99,7858,7431.54,7771.03,,,,,
2017-11-19,7771.03,8087.35,7675,8016.58,,,,,
2017-11-20,8016.58,8269.99,7900,8226.17,,,,,
2017-11-21,8226.17,8354.46,7770,8095.23,,,,,
2017-11-22,8095.23,8310.89,8045.76,8214.69,,,,,
2017-11-23,8214.69,8279.76,7980,7989,,,,,
2017-11-24,7989,8340,7876,8199.19,,,,,
2017-11-25,8199.19,8737,8114.78,8717.99,,,,,
2017-11-26,8717.99,9366.6,8538.2,9271.06,,,,,
2017-11-27,9271.06,9721.7,9267,9708.07,,,,,
2017-11-28,9708.07,9968,9582.25,9868.82,,,,,
2017-11-29,9868.82,11395,9289,9824.68,,,,,
2017-11-30,9824.68,10618.29,9000,9947.67,,,,,
2017-12-01,9947.67,10949.89,9370.11,10840.45,,,,,
2017-12-02,10840.45,11200,10637.69,10872,,,,,
2017-12-03,10872,11800.01,10513.16,11250,,,,,
2017-12-04,11250,11613.07,10850,11613.07,,,,,
2017-12-05,11613.07,11850,11384.25,11677,,,,,
2017-12-06,11677,13700,11659.8,13623.5,,,,,
2017-12-07,13623.5,16615.62,13085.9,16599.99,,,,,
2017-12-08,16599.99,16666.66,13482.42,15800,,,,,
2017-12-09,15800,15998.5,12701.05,14607.49,,,,,
2017-12-10,14607.49,15385,13011,14691,,,,,
2017-12-11,14691,17270,14677.19,16470,,,,,
2017-12-12,16470,17428.42,15967.29,16650.01,,,,,
2017-12-13,16650.01,17107.03,15497.69,16250,,,,,
2017-12-14,16250,16830.45,15852.69,16404.99,,,,,
2017-12-15,16404.99,17934,16337.19,17471.5,,,,,
2017-12-16,17471.5,19377,17269.99,19187.78,,,,,
2017-12-17,19187.78,19666,18465,18953,,,,,
2017-12-18,18953,19220,17835.2,18940.57,,,,,
2017-12-19,18940.57,19160.79,16831.26,17700,,,,,
2017-12-20,17700,17950,15343.04,16466.98,,,,,
2017-12-21,16466.98,17281.17,15005,15600.01,,,,,
2017-12-22,15600.01,15795.61,11159.93,14009.79,,,,,
2017-12-23,14009.79,15756.22,13496.48,14619,,,,,
2017-12-24,14619,14619.1,12488,14157.87,,,,,
2017-12-25,14157.87,14650,13210,13911.28,,,,,
2017-12-26,13911.28,16147.87,13746.95,15764.44,,,,,
2017-12-27,15764.44,16480.52,14484,15364.93,,,,,
2017-12-28,15364.93,15474.19,13500,14470.07,,,,,
2017-12-29,14470.07,15111,13998,14340,,,,,
2017-12-30,14340,14463.28,12050,12640,,,,,
2017-12-31,12640,14296.06,12491.21,13880,,,,,
2018-01-01,13880,13941.75,12801.38,13443.41,,,,,
2018-01-02,13443.41,15257.53,12910.58,14678.94,,,,,
2018-01-03,14678.94,15500,14546.28,15155.62,,,,,
2018-01-04,15155.62,15430.27,14192.37,15143.67,,,,,
2018-01-05,15143.67,17200,14810,16928,,,,,
2018-01-06,16928,17234.99,16220,17149.67,,,,,
2018-01-07,17149.67,17149.97,15707.16,16124.02,,,,,
2018-01-08,16124.02,16300,13900,14999.99,,,,,
2018-01-09,14999.99,15367.18,14123.97,14403.51,,,,,
2018-01-10,14403.51,14900,13412,14890.02,,,,,
2018-01-11,14890.02,14973.07,12800,13243.83,,,,,
2018-01-12,13243.83,14152.19,12807.27,13781.41,,,,,
2018-01-13,13781.41,14619.1,13781.41,14197.78,,,,,
2018-01-14,14197.78,14365.81,13072.22,13647.99,,,,,
2018-01-15,13647.99,14394.36,13429.25,13607.04,,,,,
2018-01-16,13607.04,13607.04,10162,11386.34,,,,,
2018-01-17,11386.34,11794.07,9222,11191.35,,,,,
2018-01-18,11191.35,12146,10693,11247.57,,,,,
2018-01-19,11247.57,12050.39,11025.18,11552,,,,,
2018-01-20,11552,13052.12,11515.94,12775.99,,,,,
2018-01-21,12775.99,12791.88,11100,11558.87,,,,,
2018-01-22,11558.87,11910.78,10028.41,10808.99,,,,,
2018-01-23,10808.99,11409.87,9927.54,10851.82,,,,,
2018-01-24,10851.82,11500,10488.13,11400.96,,,,,
2018-01-25,11400.96,11741.82,10868.57,11155.54,,,,,
2018-01-26,11155.54,11635,10263.32,11092.95,,,,,
2018-01-27,11092.95,11630.47,10815.84,11446.54,,,,,
2018-01-28,11446.54,11989.15,11360.52,11685.58,,,,,
2018-01-29,11685.58,11820.01,10991,11162.62,,,,,
2018-01-30,11162.62,11222.36,9731.2,9971,,,,,
2018-01-31,9971,10324,9514.96,10149,,,,,
2018-02-01,10149,10187.56,8455,8998.99,,,,,
2018-02-02,8998.99,9096.79,7625.25,8838.83,,,,,
2018-02-03,8838.83,9491.2,8170.71,9225.86,,,,,
2018-02-04,9225.86,9350.09,7825,8191,,,,,
2018-02-05,8191,8335.56,6600,6874.27,,,,,
2018-02-06,6874.27,8150,5920.72,7737.37,,,,,
2018-02-07,7737.37,8649,7213.8,7588.01,,,,,
2018-02-08,7588.01,8644.36,7565.5,8259.76,,,,,
2018-02-09,8259.76,8779.62,7753.32,8693.98,,,,,
2018-02-10,8693.98,9090.8,8170.86,8560,,,,,
2018-02-11,8560,8560,7820,8067,,,,,
2018-02-12,8067,8995,8067,8899,,,,,
2018-02-13,8899,8951.89,8360.13,8522.99,,,,,
2018-02-14,8522.99,9515,8504.57,9490.98,,,,,
2018-02-15,9490.98,10234,9350,10018,,,,,
2018-02-16,10018,10300,9707.51,10196,,,,,
2018-02-17,10196,11135.83,10053.5,11101,,,,,
2018-02-18,11101,11300,10153.15,10421.06,,,,,
2018-02-19,10421.06,11262.48,10307.51,11173,,,,,
2018-02-20,11173,11780,11080.37,11233.41,,,,,
2018-02-21,11233.41,11275.74,10256,10449.4,,,,,
2018-02-22,10449.4,10935,9731.2,9843.34,,,,,
2018-02-23,9843.34,10405.3,9600,10166.1,,,,,
2018-02-24,10166.1,10540.63,9373.48,9689.99,,,,,
2018-02-25,9689.99,9883.41,9260,9590.04,,,,,
2018-02-26,9590.04,10461.97,9376.34,10324.7,,,,,
2018-02-27,10324.7,10850,10150,10566.3,,,,,
2018-02-28,10566.3,11064.75,10255.07,10314.9,,,,,
2018-03-01,10314.9,11090,10223.41,10903.13,,,,,
2018-03-02,10903.13,11175,10774.01,11029.99,,,,,
2018-03-03,11029.99,11503.24,11022.85,11445,,,,,
2018-03-04,11445,11511,11054.91,11463.27,,,,,
2018-03-05,11463.27,11688,11383.66,11419.24,,,,,
2018-03-06,11419.24,11420.01,10560.19,10723.76,,,,,
2018-03-07,10723.76,10911.78,9450,9913.03,,,,,
2018-03-08,9913.03,10150,9078.95,9285.32,,,,,
2018-03-09,9285.32,9420.39,8366,9230,,,,,
2018-03-10,9230,9514.96,8697,8791.47,,,,,
2018-03-11,8791.47,9768.37,8450,9535.04,,,,,
2018-03-12,9535.04,9892,8742.07,9120.75,,,,,
2018-03-13,9120.75,9482.79,8830,9142.32,,,,,
2018-03-14,9142.32,9356.14,7948,8196.69,,,,,
2018-03-15,8196.69,8425,7682,8265.05,,,,,
2018-03-16,8265.05,8613.06,7914.08,8258.54,,,,,
2018-03-17,8258.54,8356.4,7730.23,7860.83,,,,,
2018-03-18,7860.83,8324.92,7325.37,8188.24,,,,,
2018-03-19,8188.24,8718.74,8114.17,8596.93,,,,,
2018-03-20,8596.93,9051,8313.01,8904.02,,,,,
2018-03-21,8904.02,9188.1,8754.83,8893.79,,,,,
2018-03-22,8893.79,9099.59,8503.52,8704.67,,,,,
2018-03-23,8704.67,8920.79,8265,8920.79,,,,,
2018-03-24,8920.79,9020,8505,8547,,,,,
2018-03-25,8547,8680,8368.63,8453.9,,,,,
2018-03-26,8453.9,8500,7831.15,8149.66,,,,,
2018-03-27,8149.66,8211.62,7742.11,7791.7,,,,,
2018-03-28,7791.7,8104.98,7723.03,7932.41,,,,,
2018-03-29,7932.41,7968,6914.53,7088.38,,,,,
2018-03-30,7088.38,7302.35,6550,6850,,,,,
2018-03-31,6850,7231.73,6794.26,6928.62,,,,,
2018-04-01,6928.62,7045.71,6427.16,6813.52,,,,,
2018-04-02,6813.52,7106.5,6759.96,7052.76,,,,,
2018-04-03,7052.76,7506.84,7001.28,7416.27,,,,,
2018-04-04,7416.27,7430,6710.38,6799.95,,,,,
2018-04-05,6799.95,6928.7,6578.95,6771.69,,,,,
2018-04-06,6771.69,6850,6510,6618.33,,,,,
2018-04-07,6618.33,7069.13,6600.99,6904.9,,,,,
2018-04-08,6904.9,7104.52,6894.8,7027.26,,,,,
2018-04-09,7027.26,7175.83,6611.49,6780.1,,,,,
2018-04-10,6780.1,6900,6653.21,6835.67,,,,,
2018-04-11,6835.67,6984.92,6809.26,6940.94,,,,,
2018-04-12,6940.94,8069.34,6758.45,7923.78,,,,,
2018-04-13,7923.78,8239.33,7753.32,7896.92,,,,,
2018-04-14,7896.92,8232.14,7835,8000.41,,,,,
2018-04-15,8000.41,8417,8000.41,8354.22,,,,,
2018-04-16,8354.22,8424.99,7905,8048.15,,,,,
2018-04-17,8048.15,8160.85,7806.81,7890.87,,,,,
2018-04-18,7890.87,8235,7870.35,8172.84,,,,,
2018-04-19,8172.84,8297.99,8074.44,8271.31,,,,,
2018-04-20,8271.31,8934,8216.9,8861,,,,,
2018-04-21,8861,9023.4,8608,8920.71,,,,,
2018-04-22,8920.71,9036.52,8760,8789.96,,,,,
2018-04-23,8789.96,9006.39,8771.22,8946.95,,,,,
2018-04-24,8946.95,9737.16,8930,9648,,,,,
2018-04-25,9648,9755.53,8751,8864.99,,,,,
2018-04-26,8864.99,9326.79,8647.29,9274.48,,,,,
2018-04-27,9274.48,9387.82,8901.09,8921.43,,,,,
2018-04-28,8921.43,9442.34,8854.47,9345.11,,,,,
2018-04-29,9345.11,9538.75,9180,9393.99,,,,,
2018-04-30,9393.99,9443.96,9111,9242.17,,,,,
2018-05-01,9242.17,9249.99,8815.91,9066.9,,,,,
2018-05-02,9066.9,9259.16,8975.23,9222,,,,,
2018-05-03,9222,9799.99,9165.19,9732.43,,,,,
2018-05-04,9732.43,9784.73,9527.38,9696.57,,,,,
2018-05-05,9696.57,9948.98,9670.68,9823.28,,,,,
2018-05-06,9823.28,9918.41,9375,9623.54,,,,,
2018-05-07,9623.54,9634.5,9175,9359.52,,,,,
2018-05-08,9359.52,9450,9015,9167.69,,,,,
2018-05-09,9167.69,9368.79,8974.62,9308.49,,,,,
2018-05-10,9308.49,9393,8987.74,9020.99,,,,,
2018-05-11,9020.99,9020.99,8351,8411.42,,,,,
2018-05-12,8411.42,8652.8,8208.81,8481.6,,,,,
2018-05-13,8481.6,8775.9,8335.56,8696.58,,,,,
2018-05-14,8696.58,8900.9,8286.57,8674.36,,,,,
2018-05-15,8674.36,8865,8400,8474.99,,,,,
2018-05-16,8474.99,8505.33,8100.01,8346.59,,,,,
2018-05-17,8346.59,8500,7980,8067.03,,,,,
2018-05-18,8067.03,8275.1,7929.53,8248.87,,,,,
2018-05-19,8248.87,8395,8141.08,8231.2,,,,,
2018-05-20,8231.2,8590,8170.71,8518.48,,,,,
2018-05-21,8518.48,8589.1,8320,8391.76,,,,,
2018-05-22,8391.76,8417.65,7951.41,7984.08,,,,,
2018-05-23,7984.08,8032.01,7435.49,7502.89,,,,,
2018-05-24,7502.89,7733.99,7267.24,7586.88,,,,,
2018-05-25,7586.88,7661.07,7328.13,7471.18,,,,,
2018-05-26,7471.18,7622.87,7276.04,7335.99,,,,,
2018-05-27,7335.99,7412.57,7213.09,7347.39,,,,,
2018-05-28,7347.39,7445,7084.99,7112.5,,,,,
2018-05-29,7112.5,7537,7026.9,7469.45,,,,,
2018-05-30,7469.45,7559,7273.89,7375.73,,,,,
2018-05-31,7375.73,7601.23,7330.22,7492.28,,,,,
2018-06-01,7492.28,7620.01,7348.45,7511.6,,,,,
2018-06-02,7511.6,7700,7438.92,7642,,,,,
2018-06-03,7642,7790.69,7581.03,7703.67,,,,,
2018-06-04,7703.67,7764.44,7449.68,7488.26,,,,,
2018-06-05,7488.26,7685,7360,7617.98,,,,,
2018-06-06,7617.98,7695.46,7482.61,7658.57,,,,,
2018-06-07,7658.57,7750,7618.99,7689.28,,,,,
2018-06-08,7689.28,7697,7542,7618.11,,,,,
2018-06-09,7618.11,7686.45,7468.31,7492.7,,,,,
2018-06-10,7492.7,7498,6627.7,6781.17,,,,,
2018-06-11,6781.17,6919.97,6634.86,6880.61,,,,,
2018-06-12,6880.61,6880.76,6461.42,6557.67,,,,,
2018-06-13,6557.67,6624.45,6120,6307.4,,,,,
2018-06-14,6307.4,6708.1,6270.69,6646.1,,,,,
2018-06-15,6646.1,6666.66,6370,6390.6,,,,,
2018-06-16,6390.6,6557.81,6333.63,6487.92,,,,,
2018-06-17,6487.92,6575.35,6429.23,6453.41,,,,,
2018-06-18,6453.41,6793,6381.25,6707.5,,,,,
2018-06-19,6707.5,6841.81,6660.21,6736.52,,,,,
2018-06-20,6736.52,6809.26,6558.95,6756.58,,,,,
2018-06-21,6756.58,6792.2,6677.85,6718.33,,,,,
2018-06-22,6718.33,6737.97,5940,6050.45,,,,,
2018-06-23,6050.45,6261,6048.54,6177.38,,,,,
2018-06-24,6177.38,6255.05,5780,6153.4,,,,,
2018-06-25,6153.4,6365.34,6075.01,6253.61,,,,,
2018-06-26,6253.61,6277,6025.68,6068,,,,,
2018-06-27,6068,6181.11,5985,6135.64,,,,,
2018-06-28,6135.64,6165.49,5818.14,5848.33,,,,,
2018-06-29,5848.33,6299,5774.72,6204.24,,,,,
2018-06-30,6204.24,6510,6190.28,6385.71,,,,,
2018-07-01,6385.71,6438.55,6259.34,6349.99,,,,,
2018-07-02,6349.99,6667.57,6270.69,6612.98,,,,,
2018-07-03,6612.98,6666,6464.39,6507.99,,,,,
2018-07-04,6507.99,6792.28,6413.2,6584.25,,,,,
2018-07-05,6584.25,6700,6445.31,6533.69,,,,,
2018-07-06,6533.69,6636.15,6449.76,6596.53,,,,,
2018-07-07,6596.53,6820,6510,6759.99,,,,,
2018-07-08,6759.99,6783.54,6674.6,6706.6,,,,,
2018-07-09,6706.6,6814.72,6620,6666.75,,,,,
2018-07-10,6666.75,6683.9,6270.84,6299.46,,,,,
2018-07-11,6299.46,6400,6285,6380,,,,,
2018-07-12,6380,6380,6072,6243.88,,,,,
2018-07-13,6243.88,6337.25,6121.01,6215.59,,,,,
2018-07-14,6215.59,6317.84,6180,6243.98,,,,,
2018-07-15,6243.98,6397.21,6227.76,6349.3,,,,,
2018-07-16,6349.3,6755,6333.63,6721.04,,,,,
2018-07-17,6721.04,7468.31,6657.95,7310.71,,,,,
2018-07-18,7310.71,7599.98,7239.15,7374.88,,,,,
2018-07-19,7374.88,7570.9,7278.84,7471.42,,,,,
2018-07-20,7471.42,7696.88,7265,7330.84,,,,,
2018-07-21,7330.84,7458,7212,7409.92,,,,,
2018-07-22,7409.92,7581.03,7336.15,7396.6,,,,,
2018-07-23,7396.6,7800,7369.86,7719.62,,,,,
2018-07-24,7719.62,8496.96,7691.14,8403.83,,,,,
2018-07-25,8403.83,8475,8049.22,8174.06,,,,,
2018-07-26,8174.06,8314.23,7855.97,7926,,,,,
2018-07-27,7926,8274.98,7798.48,8183.05,,,,,
2018-07-28,8183.05,8259,8051.43,8237.74,,,,,
2018-07-29,8237.74,8299.99,8109.74,8216.74,,,,,
2018-07-30,8216.74,8295,7853.01,8160.21,,,,,
2018-07-31,8160.21,8162.37,7633.67,7725.43,,,,,
2018-08-01,7725.43,7761.56,7440,7602.01,,,,,
2018-08-02,7602.01,7709.98,7455,7536.37,,,,,
2018-08-03,7536.37,7542.92,7286.41,7416.98,,,,,
2018-08-04,7416.98,7494.48,6926,7009.99,,,,,
2018-08-05,7009.99,7086.8,6888.88,7032.61,,,,,
2018-08-06,7032.61,7157.93,6835.06,6936.11,,,,,
2018-08-07,6936.11,7155,6671,6717.68,,,,,
2018-08-08,6717.68,6717.68,6121,6283.59,,,,,
2018-08-09,6283.59,6627,6190.01,6543.76,,,,,
2018-08-10,6543.76,6584.05,5995.75,6139.99,,,,,
2018-08-11,6139.99,6178.45,6000,6106.72,,,,,
2018-08-12,6106.72,6106.72,6106.72,6106.72,,,,,
2018-08-13,6310.82,6544.37,6142.2,6252.63,,,,,
2018-08-14,6252.63,6254.02,5880,6193.62,,,,,
2018-08-15,6193.62,6628.5,6186.02,6272.3,,,,,
2018-08-16,6272.3,6477.57,6208.37,6313.51,,,,,
2018-08-17,6313.51,6584.49,6290.64,6580.15,,,,,
2018-08-18,6580.15,6615,6303,6399.28,,,,,
2018-08-19,6399.28,6545,6312,6481.99,,,,,
2018-08-20,6481.99,6522.99,6223.9,6260.82,,,,,
2018-08-21,6260.82,6513.28,6246.05,6479.27,,,,,
2018-08-22,6479.27,6906.81,6250,6355.76,,,,,
2018-08-23,6355.76,6575.99,6344.8,6525.01,,,,,
2018-08-24,6525.01,6721.09,6445.32,6692.94,,,,,
2018-08-25,6692.94,6800,6664.25,6732.4,,,,,
2018-08-26,6732.4,6775.34,6558.95,6700.46,,,,,
2018-08-27,6700.46,6944.47,6641.35,6904.51,,,,,
2018-08-28,6904.51,7125.28,6861.17,7080.94,,,,,
2018-08-29,7080.94,7124.06,6890,7032.96,,,,,
2018-08-30,7032.96,7055.97,6792.85,6984.01,,,,,
2018-08-31,6984.01,7101.03,6879,7017.35,,,,,
2018-09-01,7017.35,7300.18,7015.22,7185.01,,,,,
2018-09-02,7185.01,7334.5,7130.63,7290.31,,,,,
2018-09-03,7290.31,7340.08,7184,7258.99,,,,,
2018-09-04,7258.99,7411.85,7231,7361,,,,,
2018-09-05,7361,7387,6650,6679.3,,,,,
2018-09-06,6679.3,6705.59,6253.29,6493.09,,,,,
2018-09-07,6493.09,6525,6322,6400,,,,,
2018-09-08,6400,6465.46,6113.23,6178.31,,,,,
2018-09-09,6178.31,6451.51,6094.38,6236.04,,,,,
2018-09-10,6236.04,6351.13,6223.9,6301.99,,,,,
2018-09-11,6301.99,6405,6162.06,6279.99,,,,,
2018-09-12,6279.99,6350,6192.89,6322.45,,,,,
2018-09-13,6322.45,6537.46,6322.45,6485.7,,,,,
2018-09-14,6485.7,6587,6384.36,6476.51,,,,,
2018-09-15,6476.51,6570.1,6466.74,6520.15,,,,,
2018-09-16,6520.15,6524.84,6349.47,6499.98,,,,,
2018-09-17,6499.98,6530.24,6200,6254.52,,,,,
2018-09-18,6254.52,6390,6226.63,6332.34,,,,,
2018-09-19,6332.34,6510,6100,6388.4,,,,,
2018-09-20,6388.4,6535.11,6333.63,6492.98,,,,,
2018-09-21,6492.98,6775.34,6483.83,6749.45,,,,,
2018-09-22,6749.45,6826.28,6624.79,6710.01,,,,,
2018-09-23,6710.01,6774.91,6659,6702.22,,,,,
2018-09-24,6702.22,6721.68,6550.96,6581.52,,,,,
2018-09-25,6581.52,6581.52,6324.96,6428.99,,,,,
2018-09-26,6428.99,6540,6379.44,6461.51,,,,,
2018-09-27,6461.51,6736.85,6431.95,6681.62,,,,,
2018-09-28,6681.62,6792.28,6525.67,6610.76,,,,,
2018-09-29,6610.76,6610.76,6454,6579.38,,,,,
2018-09-30,6579.38,6628.06,6510,6597.81,,,,,
2018-10-01,6597.81,6638.15,6477.57,6571.2,,,,,
2018-10-02,6571.2,6597,6447.28,6500,,,,,
2018-10-03,6500,6510,6396.34,6456.77,,,,,
2018-10-04,6456.77,6604.89,6450.58,6547.56,,,,,
2018-10-05,6547.56,6641.35,6510,6582.12,,,,,
2018-10-06,6582.12,6595.69,6526.28,6544.08,,,,,
2018-10-07,6544.08,6600,6493.92,6577.63,,,,,
2018-10-08,6577.63,6656.63,6541.06,6604.75,,,,,
2018-10-09,6604.75,6623.14,6553.13,6588.8,,,,,
2018-10-10,6588.8,6589.79,6387.91,6517.55,,,,,
2018-10-11,6517.55,6520.43,6055.28,6152.76,,,,,
2018-10-12,6152.76,6243.79,6109.79,6185.15,,,,,
2018-10-13,6185.15,6219.77,6168.83,6199.69,,,,,
2018-10-14,6199.69,6349.47,6143.08,6183,,,,,
2018-10-15,6183,6756,6149.28,6441.74,,,,,
2018-10-16,6441.74,6441.74,6412.95,6426.71,,,,,
2018-10-17,6461.2,6465.39,6407.69,6437.29,,,,,
2018-10-18,6437.29,6490,6350,6396.18,,,,,
2018-10-19,6396.18,6412.4,6355.99,6383.46,,,,,
2018-10-20,6383.46,6424.16,6363.02,6412.86,,,,,
2018-10-21,6412.86,6470,6401.01,6413.38,,,,,
2018-10-22,6413.38,6429.23,6372.53,6406.06,,,,,
2018-10-23,6406.06,6421.58,6354.26,6393.41,,,,,
2018-10-24,6393.41,6473,6393,6411.96,,,,,
2018-10-25,6411.96,6422.73,6361.73,6393.53,,,,,
2018-10-26,6393.53,6450.3,6377.81,6406.1,,,,,
2018-10-27,6406.1,6420.01,6381.25,6407.66,,,,,
2018-10-28,6407.66,6420,6383,6405.57,,,,,
2018-10-29,6405.57,6420,6208.37,6266.52,,,,,
2018-10-30,6266.52,6289,6240,6269.46,,,,,
2018-10-31,6269.45,6350,6199.25,6305.11,,,,,
2018-11-01,6304.5,6350,6199.25,6299.55,,,,,
2018-11-03,6350.05,6371.56,6328.33,6341.99,,,,,
2018-11-04,6333.59,6350,6310.57,6339.78,,,,,
2018-11-05,6428.23,6475,6326.33,6415,,,,,
2018-11-06,6404.97,6429.23,6369.89,6401.5,,,,,
2018-11-07,6448.17,6544,6390.81,6509.9,,,,,
2018-11-08,6501,6535.6,6440,6450.38,,,,,
2018-11-09,6405.49,6493.06,6386.98,6402.6,,,,,
2018-11-13,6318.01,6374.15,6244.35,6300.85,,,,,
2018-11-14,6255.86,6313.05,6229.07,6288.22,,,,,
2018-11-15,5592.23,6297.24,5324,5546.63,,,,,
2018-11-16,5571.12,5610,5199.8,5519.47,,,,,
2018-11-18,5503.36,5553,5466.76,5531.83,,,,,
2018-11-19,5553.01,5658.47,5312.51,5371.81,,,,,
2018-11-20,4732.92,5405.76,4528.28,4588.52,,,,,
2018-11-21,4349.41,4761,4048.58,4390,,,,,
2018-11-22,4551.47,4635,4333.38,4507,,,,,
2018-11-23,4268.4,4532.58,4061.02,4252.02,,,,,
2018-11-25,3780.67,4292.27,3474.73,3479.9,,,,,
2018-11-26,3934.22,4120,3522.28,3818.9,,,,,
2018-11-27,3727.34,4069.59,3522.28,3699.21,,,,,
2018-11-28,3771.01,4069.29,3548.76,3985.21,,,,,
2018-12-02,4140.4,4265,4030,4118.19,4108.091,,,UP,
2018-12-03,4099.63,4184.52,3913,3961.87,4044.0676,,,DOWN,
2018-12-04,3830.81,4030.4,3747,3787.87,3812.658,,,DOWN,
2018-12-05,3903.52,4033.98,3754.42,3841.66,3812.2812,,,UP,
2018-12-05,3903.52,4033.98,3774.73,3802.35
2018-12-05,3903.52,4025.00,3774.73,3819.89
2018-12-05,3903.52,4025.00,3774.73,3819.79
